-0.057304714,-0.010906631,0.45271146
-0.043036107,-0.013185227,0.46530268
-0.03302501,0.007296469,0.47977206
-0.007845507,0.02517952,0.49306852
-0.021780455,0.003906499,0.5020618
0.0012428826,0.014511834,0.51850384
0.02106156,0.024567567,0.5389137
0.021767842,0.0036462792,0.5580831
0.039884165,0.010411943,0.5770766
0.05719101,0.013480645,0.59431314
0.07055305,0.009782594,0.6101116
0.08064824,0.009504701,0.62429565
0.08640045,0.012885321,0.6376078
0.087466665,0.018563632,0.6511172
0.08409342,0.024838611,0.665812
0.07668942,0.033360757,0.6824807
0.064811766,0.03468529,0.70092535
0.05118846,0.034181304,0.7257329
0.041280407,0.036695264,0.7429829
0.029723613,0.03226464,0.7619408
0.026001567,0.03583412,0.76832795
0.020738479,0.030756805,0.77658516
0.023356043,0.03626474,0.7715838
0.024187464,0.031774133,0.77028716
0.02353865,0.03578395,0.7706452
0.019128093,0.03062041,0.7772311
0.021795258,0.036037415,0.7717951
0.023973094,0.032301348,0.7682434
0.021794138,0.035184566,0.7709417
0.017174633,0.03088589,0.7776163
0.020452248,0.035627764,0.77103114
0.019766334,0.031639487,0.7716906
0.019809745,0.03524439,0.7704819
0.015924495,0.03086072,0.7758805
0.018391626,0.03525417,0.7703327
0.01817999,0.03182064,0.7700608
0.017574359,0.03465486,0.76972556
0.013504424,0.030782618,0.7751384
0.01647199,0.034929045,0.76849324
0.014813629,0.031238161,0.77021873
0.015170271,0.03451189,0.7679199
0.011735664,0.030607073,0.7721648
0.013782954,0.034536965,0.766681
0.012223056,0.031009983,0.7679738
0.01250405,0.03413309,0.7654536
0.0089171175,0.030287845,0.7696367
0.010965683,0.03433534,0.76380354
0.009079551,0.030490939,0.76525766
0.009565289,0.0339268,0.7618853
0.0061835847,0.029977268,0.76544946
0.0072678146,0.03382052,0.76071495
0.0055169445,0.030300075,0.7615667
0.0054619787,0.033244815,0.7585591
0.0014127115,0.029438524,0.7626255
0.0034684031,0.033345953,0.75638187
0.0004477156,0.029663598,0.7580138
0.0013704499,0.032333467,0.7543137
-0.0030083084,0.029369913,0.75723517
-0.0010192606,0.031716853,0.75194234
-0.0049968553,0.029001484,0.7542879
-0.002242285,0.031511616,0.7473428
-0.006837157,0.028495677,0.74874735
-0.003920282,0.03120349,0.7397384
-0.009654402,0.027725043,0.7392575
-0.0074162735,0.030452944,0.7256465
-0.014667858,0.026660783,0.71895665
-0.016884295,0.02777645,0.6978114
-0.028029444,0.023132823,0.675681
-0.036032733,0.023342464,0.6395227
-0.05398904,-0.0018185265,0.5914713
-0.03884925,-0.0034220004,0.5664526
-0.015569363,0.015439269,0.5463432
-0.0016407941,0.024324305,0.5471781
-0.008783901,0.009525386,0.555381
0.012059256,0.023375196,0.57350546
0.014367993,0.018760208,0.585089
0.026586423,0.017800335,0.6046185
0.040496,0.022805983,0.62163264
0.048418652,0.01893419,0.6388065
0.05736172,0.023871295,0.65318227
0.06071718,0.02810272,0.66788477
0.057874307,0.030378107,0.6834028
0.050511982,0.032102056,0.70122993
0.040524144,0.0342454,0.7192024
0.027769182,0.035211876,0.7379649
0.016601017,0.033150673,0.7554828
0.0102590425,0.032253146,0.76480687
0.007911293,0.03175403,0.76661617
0.0068550394,0.03197561,0.76601005
0.00514483,0.031315975,0.7663261
0.0046915747,0.031921294,0.7643373
0.0025504169,0.030747835,0.7650471
0.0027252883,0.032067824,0.76159924
-0.00033672183,0.02990415,0.7635245
0.0012328932,0.032415688,0.75780857
-0.003034547,0.029082362,0.7609998
0.00040470483,0.03247845,0.75337327
-0.0041102935,0.028947892,0.7563109
-0.0012080153,0.031833548,0.74966836
-0.005061753,0.029062236,0.75093836
-0.063292846,0.000037632384,0.4497995
-0.08299362,0.013291964,0.4715235
-0.11678383,-0.012414199,0.49413818
-0.09510811,-0.001014304,0.5128883
-0.08220924,-0.0023303886,0.47693366
-0.066308975,-0.022421181,0.44995692
-0.058566153,-0.038075894,0.45504776
-0.072471514,-0.03272071,0.4544803
-0.08793286,-0.0042082304,0.45644724
-0.06915468,0.00015615477,0.4468689
-0.08422793,-0.03677431,0.4491627
-0.0919533,-0.027212966,0.45912528
-0.0851295,-0.0104637295,0.45879132
-0.07388872,-0.029492985,0.47680613
-0.08858517,-0.060332343,0.47349793
-0.07845769,-0.036712244,0.484051
-0.09701116,0.001985499,0.47130236
-0.104557745,0.004126971,0.48725757
-0.07343891,0.007704774,0.50816447
-0.091909334,-0.021949109,0.50412464
-0.095387205,-0.02589686,0.48810753
-0.08131133,-0.013227536,0.46234995
-0.06837526,-0.026549729,0.4648359
-0.07053406,-0.044446338,0.46212506
-0.10557148,-0.032327503,0.44235936
-0.08583354,0.0049084434,0.4439551
-0.10441956,-0.017443804,0.4527496
-0.088144936,0.0008737699,0.46763957
-0.09081643,-0.003686055,0.46352062
-0.074768774,-0.028073095,0.45254728
-0.08279986,-0.027647492,0.45838746
-0.09743933,-0.005901329,0.46048433
-0.09518217,-0.016037567,0.456924
-0.09269087,-0.01870532,0.4525173
-0.09303128,-0.015214408,0.45531934
-0.09339913,-0.017396139,0.46036348
-0.09309326,-0.016564623,0.46042582
-0.093267515,-0.016938247,0.46208653
-0.09324101,-0.0169294,0.4623848
-0.09324488,-0.016954403,0.4626467
-0.093245625,-0.016965538,0.46279022
-0.09324611,-0.01697235,0.46287003
-0.093246184,-0.016975677,0.46290675
-0.09324605,-0.016977372,0.46293664
-0.09324585,-0.016978325,0.46295106
-0.09324563,-0.016979082,0.46296412
-0.0932454,-0.016979702,0.46297625
-0.09324515,-0.016980236,0.46298757
-0.093244895,-0.016980704,0.4629982
-0.093244635,-0.016981123,0.4630082
-0.09324438,-0.016981503,0.46301758
-0.093244135,-0.016981855,0.46302643
-0.093243904,-0.016982187,0.46303478
-0.09324368,-0.016982496,0.46304262
-0.09324347,-0.016982788,0.46305004
-0.09324326,-0.016983058,0.46305704
-0.09324307,-0.016983312,0.46306363
-0.09324289,-0.016983556,0.46306986
-0.09324271,-0.016983783,0.46307573
-0.093242556,-0.016983995,0.46308127
-0.0932424,-0.0169842,0.4630865
-0.09324225,-0.01698439,0.46309143
-0.093242116,-0.016984567,0.46309608
-0.09324198,-0.016984738,0.46310046
-0.093241856,-0.016984895,0.4631046
-0.093241744,-0.016985048,0.4631085
-0.09324163,-0.016985191,0.4631122
-0.09324153,-0.016985329,0.4631157
-0.09324143,-0.016985454,0.46311897
-0.09324134,-0.016985575,0.4631221
-0.09324125,-0.016985686,0.46312502
-0.09324117,-0.016985793,0.46312776
-0.093241096,-0.016985897,0.46313038
-0.09324102,-0.016985992,0.46313283
-0.093240954,-0.016986081,0.46313515
-0.09324089,-0.016986167,0.46313736
-0.09324082,-0.016986249,0.4631394
-0.09324077,-0.016986325,0.46314135
-0.09324071,-0.016986398,0.4631432
-0.09324066,-0.016986465,0.46314493
-0.09324061,-0.016986532,0.46314657
-0.09324057,-0.016986588,0.46314812
-0.09324052,-0.016986646,0.46314958
-0.09324048,-0.016986704,0.46315095
-0.09324044,-0.016986752,0.46315226
-0.0932404,-0.0169868,0.46315348
-0.09324037,-0.016986843,0.46315464
-0.093240336,-0.016986888,0.46315572
-0.093240306,-0.016986927,0.46315676
-0.093240276,-0.016986962,0.4631577
-0.09324025,-0.016987,0.46315864
-0.093240224,-0.016987031,0.4631595
-0.0932402,-0.016987065,0.46316034
-0.09324018,-0.016987093,0.46316108
-0.09324016,-0.016987124,0.46316183
-0.09324014,-0.016987149,0.4631625
-0.09324012,-0.016987175,0.46316317
-0.0932401,-0.0169872,0.46316376
-0.09324008,-0.01698722,0.46316433
-0.09324007,-0.016987244,0.4631649
-0.08758746,-0.01458586,0.42705142
-0.10270254,-0.028406672,0.4375329
-0.08352914,0.008691477,0.44164646
-0.08878781,-0.0013799209,0.45149958
-0.07133674,-0.023451379,0.45198733
-0.10666242,-0.036083005,0.44640404
-0.08610862,-0.0002740706,0.44450432
-0.067600906,0.0013381852,0.44972092
-0.04491195,-0.008323562,0.4595686
-0.023928037,-0.003692922,0.4797741
-0.0011249823,0.012170336,0.5003068
0.016962785,0.013560895,0.5213015
0.032183688,0.00834488,0.54224586
0.0491339,0.007182715,0.56151205
0.064194776,0.0022312962,0.57938147
0.07638308,0.0050159437,0.5959981
0.08374174,0.010604887,0.612098
0.08475816,0.009019633,0.6279326
0.08249973,0.015669765,0.6454191
0.07742678,0.018745044,0.66191316
0.0695933,0.025552513,0.6807196
0.05799905,0.032006744,0.6982372
0.040594134,0.030467428,0.72309655
0.029330205,0.030205948,0.74142605
0.02176198,0.02903907,0.75357723
0.018706148,0.02941232,0.7574109
0.016219527,0.028169397,0.7597301
0.016730493,0.029495243,0.7565901
0.014122582,0.027599875,0.7587929
0.015495636,0.029836187,0.7537807
0.012125285,0.026942078,0.7571125
0.014249462,0.030299075,0.75035995
0.010627317,0.026465049,0.7540207
0.012439306,0.03035735,0.747576
0.010795414,0.027136866,0.74767685
0.01036083,0.029386764,0.74573225
0.0056899604,0.02626521,0.749695
0.008786911,0.029142467,0.74228543
0.0044297446,0.02632768,0.7452725
0.0063336263,0.028375529,0.7397214
0.002573691,0.026170531,0.74183416
0.0047070775,0.028014774,0.73531544
0.0009883698,0.025932249,0.7372263
0.0030415093,0.027723683,0.7304273
-0.00070307264,0.025635518,0.7321605
0.0013102927,0.027450738,0.72505003
-0.003397459,0.025088962,0.72524667
-0.0018469044,0.02694779,0.71495456
-0.008599727,0.023969911,0.711305
-0.009064938,0.02585398,0.69222945
-0.020235483,0.020392088,0.67989063
-0.025646888,0.025302006,0.64627516
-0.044590082,-0.00034296437,0.5975457
-0.029036617,0.000011868762,0.5695665
-0.0035509516,0.028576098,0.55703646
-0.019497145,0.008189384,0.513745
-0.021879781,-0.010057515,0.49858022
0.0015070343,0.004067357,0.51885164
0.023431975,0.019072328,0.5380682
0.03150333,0.00900652,0.55723697
0.047033273,0.0043802825,0.5763491
0.06216329,0.008171464,0.5931852
0.07309643,0.0035825782,0.60938126
0.08042668,0.014125634,0.6246035
0.08031937,0.012550645,0.639506
0.0777824,0.014819329,0.657033
0.073278554,0.021823645,0.6728444
0.06408506,0.030686224,0.69107956
0.04988953,0.03189193,0.7101362
0.033245053,0.029992746,0.7347438
0.024786083,0.030263418,0.7485799
0.018436687,0.028238883,0.75811744
0.018054968,0.030006377,0.7568383
0.014652143,0.027370697,0.76050943
0.016678127,0.03040972,0.7543856
0.013166766,0.026853664,0.7581298
0.015217397,0.030667027,0.7515696
0.012853152,0.027008258,0.7533751
0.013116677,0.030239524,0.7497407
0.009632685,0.026487231,0.75296366
0.011625296,0.029950636,0.74706024
0.0092885,0.027365956,0.7471796
0.008809377,0.02858833,0.74583113
0.005370954,0.02672332,0.7479244
0.0071316166,0.028364757,0.74239737
0.0036328433,0.026395414,0.7443262
0.0055838083,0.028135486,0.7382265
0.0019191374,0.02608683,0.740197
0.0040722294,0.027897133,0.7334414
0.00034080248,0.025816621,0.73528904
0.0023888145,0.02761951,0.7283592
-0.0016806612,0.02544052,0.72959614
0.0003267096,0.02729993,0.7218021
-0.0050269603,0.024739427,0.7209026
-0.0038953198,0.02666936,0.7077981
-0.012298028,0.023054969,0.7012389
-0.014555288,0.02555162,0.6749748
-0.024313275,0.016962495,0.6592502
-0.025756745,0.025363993,0.6286742
-0.04332911,0.0031876818,0.57476485
-0.070906535,-0.013226132,0.44390023
-0.0754429,-0.022665553,0.45621246
-0.09694226,-0.00018741077,0.45837623
-0.086029224,0.011060495,0.44223922
-0.08925217,-0.0040482273,0.45303792
-0.07203381,-0.017411511,0.44456068
-0.09447658,-0.028856913,0.4460688
-0.08525276,0.010221556,0.4432849
-0.087974116,0.002999297,0.44429198
-0.07250917,-0.0054768543,0.4291179
-0.05151389,-0.01482637,0.44156894
-0.085008584,-0.021223832,0.4456707
-0.09583713,0.0041634776,0.4526407
-0.09237755,-0.001967305,0.4209983
-0.07371612,-0.018280264,0.41608608
-0.09861645,-0.024266064,0.4296565
-0.08559267,0.013734736,0.45111766
-0.089920565,0.0030556687,0.46916854
-0.07772258,-0.008076716,0.45567816
-0.062310603,-0.01757599,0.44768363
-0.09698992,-0.019973911,0.43617377
-0.09341289,0.013695222,0.45563474
-0.09474009,0.0049969847,0.47701448
-0.0913241,-0.01481545,0.44240397
-0.09319845,-0.012886126,0.4319918
-0.0940598,0.013158963,0.44258282
-0.09701139,0.0018828048,0.4661818
-0.093033604,-0.013703082,0.42829368
-0.092523105,-0.008129226,0.41982052
-0.097124085,0.002193943,0.41951916
-0.09370473,-0.009384551,0.43844151
-0.098182514,-0.0043563903,0.45121405
-0.099579126,0.010500787,0.4744586
-0.06728991,0.015135443,0.49538666
-0.08264902,-0.007184287,0.47992277
-0.073002465,-0.019261176,0.4604644
-0.09770367,-0.026329778,0.45807916
-0.08550233,0.013873979,0.4514515
-0.087308824,0.007432668,0.45492685
-0.09135397,-0.010500485,0.4311486
-0.09954309,-0.010818544,0.4433767
-0.09729915,0.012291822,0.46772492
-0.0663068,0.046610057,0.4888948
-0.057445213,0.023012927,0.5098298
-0.08449352,-0.01731124,0.46576583
-0.10492339,-0.018547213,0.44571844
-0.082577586,0.01490893,0.4680882
-0.08737159,0.0033068669,0.4678781
-0.07240296,-0.004263186,0.44365665
-0.049416136,-0.010067966,0.4433437
-0.035299577,-0.00047582417,0.4615954
-0.011143967,0.012392487,0.48268697
0.009756219,0.019077016,0.5032965
0.02298632,0.010392869,0.5240073
0.04405817,0.012176305,0.5435807
0.063595906,0.009213439,0.5616789
0.07953517,0.00035851912,0.57820475
0.09009808,0.01221766,0.5941183
0.09640308,0.0117496075,0.60888034
0.098384336,0.013057086,0.623734
0.0973462,0.017108755,0.63847166
0.09355748,0.021877402,0.6537697
0.08729246,0.02881221,0.6698571
0.07694571,0.035792217,0.6876408
0.063353635,0.034988217,0.7103801
0.051151372,0.03714049,0.7322755
0.039512612,0.036716983,0.75176996
0.029137814,0.034554373,0.7686319
0.02394909,0.035349607,0.77687967
0.01996989,0.03323532,0.78274924
0.021282315,0.03566645,0.77991873
0.018239936,0.032444745,0.78408855
0.021313546,0.03637211,0.7781748
0.018729012,0.032155324,0.78173333
0.020682862,0.03660435,0.77744037
0.02096448,0.03289378,0.7766715
0.020768369,0.036438253,0.77596784
0.016628973,0.03181471,0.78176033
0.019530363,0.036642373,0.7757142
0.01997978,0.032983523,0.7745841
0.019065144,0.036090445,0.7749129
0.014715631,0.031876624,0.78086
0.017654669,0.036212455,0.7745628
0.016525479,0.032492343,0.7756305
0.016725298,0.03581319,0.77386105
0.013053313,0.031755343,0.7786105
0.015388913,0.035898007,0.77305424
0.014077695,0.03218984,0.7741896
0.014454706,0.035538986,0.7718613
0.0109060295,0.031519145,0.7762396
0.012857515,0.03561667,0.7710432
0.011240055,0.03178224,0.7724125
0.01186168,0.035253055,0.769312
0.008611407,0.031317107,0.773034
0.009905875,0.03519488,0.7685995
0.008249726,0.031575624,0.7697855
0.008538311,0.03474893,0.7668904
0.0048897006,0.030905198,0.7709029
0.0064016725,0.034837577,0.7656679
0.0040536383,0.030922543,0.76755565
-0.013137525,0.010680746,0.47244048
-0.034345914,0.0048141726,0.49106112
-0.054224577,-0.03203994,0.5076149
-0.060856517,-0.027912293,0.48895845
-0.06400029,-0.009391283,0.47733617
-0.04410376,-0.011646731,0.47080994
-0.031108143,0.0025545429,0.48300278
-0.041342407,0.011824009,0.4879209
-0.06752621,-0.019370383,0.49569002
-0.05990065,-0.038100924,0.49082053
-0.09094075,-0.032446958,0.44251204
-0.092191465,-0.009929007,0.44346866
-0.09109465,-0.026453821,0.45666635
-0.08815396,-0.042958483,0.45740968
-0.080652356,-0.013138008,0.46812922
-0.070735455,0.0015108341,0.46801198
-0.07657552,-0.02542674,0.4641027
-0.08986788,-0.01950868,0.46442336
-0.09512181,-0.010423299,0.46166724
-0.09484022,-0.020672332,0.4655896
-0.08646287,-0.012249655,0.45458394
-0.07769013,-0.025303122,0.45660824
-0.09231885,-0.0294874,0.45939866
-0.08233632,-0.007630957,0.45863754
-0.06952386,-0.018508172,0.47118935
-0.06036936,-0.03543086,0.46995994
-0.09340688,-0.026667217,0.4432864
-0.08746649,0.00035130806,0.447002
-0.08118224,-0.016296232,0.43758953
-0.07463517,-0.023154814,0.44732943
-0.076996885,-0.012370295,0.45671457
-0.06524348,-0.019860836,0.4692619
-0.05529633,-0.035958223,0.47343633
-0.088181295,-0.028630538,0.44710737
-0.09018445,-0.0069475425,0.45227346
-0.07630607,-0.02126555,0.46770626
-0.079630546,-0.04485147,0.46725106
-0.08898671,-0.024603844,0.4754217
-0.09129235,-0.004302227,0.4641093
-0.07781515,-0.022641942,0.4574435
-0.0846946,-0.032890838,0.46276626
-0.089923486,-0.008187337,0.46603408
-0.078310676,-0.011991517,0.47333124
-0.0670624,-0.037257288,0.47369692
-0.099171884,-0.03492908,0.4404325
-0.08950558,-0.00452462,0.43969408
-0.07467753,-0.0071194065,0.4537273
-0.056055695,-0.02471658,0.45840916
-0.049349494,-0.022094049,0.47001705
-0.04066826,-0.03190037,0.48959836
-0.041065883,-0.022717036,0.5000762
-0.031020746,-0.015859134,0.5126605
-0.01794327,0.0014437406,0.5105766
-0.04897765,0.011720214,0.49303782
-0.07615683,0.006849642,0.49982306
-0.10257363,-0.032704372,0.51628596
-0.09219354,-0.020599023,0.5116051
-0.090221755,-0.013051243,0.47288615
-0.093470745,-0.015956659,0.45854297
-0.09417576,-0.014235304,0.4514109
-0.09474922,-0.01576912,0.4490872
-0.092174575,-0.016044216,0.44721222
-0.095511496,-0.014425376,0.45013425
-0.09163185,-0.01734045,0.44980457
-0.09508569,-0.013269723,0.45022172
-0.0938954,-0.017089449,0.44963083
-0.092240244,-0.014749571,0.4468956
-0.0958733,-0.015650004,0.45266417
-0.08909653,-0.016391074,0.45130932
-0.09593252,-0.013962857,0.45810047
-0.09030594,-0.017188903,0.45398948
-0.09547588,-0.013797697,0.4572936
-0.09207619,-0.017261907,0.45292974
-0.09467342,-0.013222112,0.45030615
-0.094533645,-0.016934237,0.4504745
-0.09137927,-0.015285181,0.44776264
-0.0958057,-0.014978697,0.45385712
-0.08978708,-0.016913656,0.45164186
-0.095657684,-0.013698351,0.45685726
-0.0916089,-0.01741469,0.45275357
-0.09490774,-0.013274041,0.45183304
-0.09409214,-0.016889352,0.45062548
-0.09211498,-0.014899553,0.4472634
-0.09582324,-0.015439891,0.45282838
-0.08935302,-0.01665457,0.45121062
-0.0957352,-0.0136854565,0.4574412
-0.091321774,-0.01739287,0.45316854
-0.095107995,-0.013519714,0.45358604
-0.09354635,-0.016903255,0.45101422
-0.0929899,-0.014389195,0.44714004
-0.095719345,-0.016031446,0.45132834
-0.089266,-0.016270392,0.45032677
-0.0959341,-0.01400237,0.4573647
-0.09027842,-0.017180739,0.4536819
-0.095493704,-0.01378238,0.4571551
-0.09203999,-0.017279614,0.4528736
-0.094691016,-0.013216129,0.4503779
-0.09450574,-0.016939739,0.45049068
-0.09141479,-0.015258656,0.44774204
-0.09580768,-0.015003491,0.45382145
-0.088873535,-0.015369462,0.42541578
-0.098981336,-0.026195226,0.4396418
-0.08327698,0.012626675,0.4422743
-0.08911323,0.004167375,0.45189342
-0.07936931,-0.008009222,0.43644518
-0.07272868,-0.017239127,0.44422215
-0.09730439,-0.013788761,0.45250407
-0.096868984,0.02003817,0.4749447
-0.06555648,0.032095157,0.49542606
-0.076070726,0.004551852,0.5146728
-0.06686847,-0.0045535523,0.50224054
-0.042657852,-0.005187541,0.46228305
-0.01653389,0.0041652936,0.45181993
0.012245469,0.02458728,0.46042803
0.01059598,0.007460857,0.47450197
0.033165295,0.0030677004,0.49556422
0.055971697,0.0067455824,0.5149989
0.07675496,-0.0020665484,0.53264326
0.08748055,0.0012212001,0.5517865
0.09684943,0.008918866,0.56935257
0.10479897,0.0047789672,0.5848256
0.10334494,0.011325,0.6012764
0.10489782,0.012802766,0.6170635
0.10411806,0.017268103,0.63113725
0.10067585,0.022599932,0.6462347
0.09509153,0.028637115,0.66153437
0.08641334,0.036283188,0.6786204
0.073726095,0.03745987,0.697947
0.059596777,0.037255257,0.7220189
0.049112394,0.040156122,0.7403369
0.035331868,0.037797194,0.7625707
0.02604608,0.037624765,0.777109
0.01941315,0.03576945,0.7868503
0.018235235,0.037002113,0.7876913
0.015451052,0.0349025,0.7909277
0.016924862,0.037267406,0.7873651
0.013933372,0.034304466,0.79087394
0.016269889,0.03762445,0.78580165
0.013175627,0.033858962,0.78950614
0.015671976,0.037840657,0.78402716
0.013185102,0.033788748,0.7868847
0.014667814,0.037730664,0.7828684
0.01351102,0.034120712,0.783755
0.014056138,0.03743552,0.7812343
0.010620757,0.033546798,0.785407
0.0122368345,0.037363514,0.78105056
0.00974508,0.033487063,0.7837625
0.010772747,0.03708685,0.7801929
0.008493035,0.03346443,0.78250635
0.009266427,0.03676986,0.7792476
0.0065406854,0.033229258,0.78210086
0.0075083426,0.03647916,0.7783808
0.004744298,0.03303543,0.7811555
0.0057479483,0.036181536,0.77720785
0.0028178208,0.032802295,0.78007776
0.003920227,0.03589414,0.7757748
0.0007823262,0.032524783,0.77878493
0.0019527458,0.035598032,0.77412826
-0.0013152121,0.032239407,0.7771375
-0.00018436268,0.035265,0.7722514
-0.0035815374,0.03193166,0.7752151
-0.0022840945,0.03483189,0.7701087
-0.0059843315,0.03172329,0.7729117
-0.0041721514,0.034084085,0.7678751
-0.007922062,0.031736135,0.76989436
-0.006201322,0.033263106,0.7650422
-0.009149522,0.031701583,0.7652948
-0.008313764,0.032537896,0.75944936
-0.010904974,0.03137705,0.7567296
-0.011318124,0.031650413,0.7487449
-0.014533458,0.030420788,0.741229
-0.01690669,0.03014226,0.7271483
-0.022994794,0.027931368,0.7093356
-0.030167323,0.026821895,0.68019533
-0.042302262,0.018416815,0.65039086
-0.04572033,0.026331428,0.60696423
-0.06479785,-0.0020167835,0.550642
-0.048661605,-0.017892614,0.5209867
-0.076039396,-0.0064091026,0.4674456
-0.065034255,0.02690124,0.44355026
-0.07248074,0.009405007,0.44051895
-0.0685825,0.0030029835,0.45411745
-0.049806815,-0.004061441,0.47199717
-0.02631013,0.0023060797,0.48559695
-0.0015716087,0.021731062,0.5042836
0.00022367238,0.011233066,0.5208993
0.021506853,0.019116793,0.54186344
0.04070126,0.025196334,0.5582482
0.053733464,0.0021068738,0.5773507
0.06908561,0.0017504041,0.59387976
0.080792025,0.009258198,0.60902476
0.09003569,0.008673951,0.6221552
0.094676234,0.012456171,0.6349493
0.09545267,0.019201018,0.64798516
0.09276392,0.026559677,0.6614874
0.08609773,0.03500105,0.676832
0.074500665,0.037455734,0.6948142
0.05962745,0.036828373,0.71874803
0.04783621,0.03992732,0.7372367
0.03383249,0.03833301,0.75958395
0.018882621,0.0010464677,0.47768232
0.016099619,0.024152812,0.50013846
0.019290129,0.0077902284,0.5220289
0.026180252,-0.0058635906,0.54387856
-0.001311181,-0.0055909716,0.54635006
-0.028966047,0.03101647,0.51575947
-0.04309089,0.033570908,0.49850008
-0.057465967,0.014943317,0.45655128
-0.059405062,0.016980533,0.46835077
-0.057091657,0.025684256,0.49335712
-0.067793496,0.017135654,0.44853964
-0.073049806,0.025969751,0.4402277
-0.084841095,0.011586007,0.44401178
-0.08625334,0.013341803,0.4379025
-0.09585549,0.004385162,0.45424172
-0.09214214,-0.008139663,0.4271046
-0.09754784,-0.012945272,0.42876202
-0.096183464,0.026760347,0.4491471
-0.08940762,0.0319441,0.4739026
-0.08196883,0.013671978,0.49716985
-0.08686544,0.015826344,0.45481598
-0.09144018,0.009984829,0.43935636
-0.09475797,0.0011517603,0.413953
-0.08389912,-0.013917624,0.40319666
-0.09988964,-0.015106263,0.4170218
-0.08907903,0.020768434,0.44080678
-0.08993536,0.014145131,0.46188736
-0.09268905,0.0043822406,0.42586535
-0.084976114,-0.002884062,0.396997
-0.09992009,-0.024562992,0.3953353
-0.08182082,0.0008291604,0.41666907
-0.06927293,0.019449577,0.42784223
-0.07756906,0.016588788,0.44864354
-0.089297,0.00896773,0.4715283
-0.08959016,0.006649074,0.433489
-0.082262374,0.00660729,0.40359685
-0.07399185,-0.0028948246,0.40349466
-0.089885525,-0.017528005,0.4175333
-0.10279255,-0.00849732,0.44215676
-0.09522551,0.023743963,0.46559885
-0.08691567,0.01689136,0.48892432
-0.09294484,0.003193895,0.44515386
-0.084144615,-0.009156176,0.42848048
-0.09787532,-0.009262567,0.42942646
-0.101643756,0.017426971,0.4531252
-0.07180361,0.04682565,0.47416684
-0.07633172,0.01893408,0.492791
-0.091045015,0.003561344,0.4627134
-0.083242826,-0.009704789,0.44367847
-0.099078104,-0.0111166695,0.4486358
-0.09790026,0.019885939,0.47291857
-0.08965565,0.026812844,0.49606827
-0.083495505,0.005056599,0.45582953
-0.07042706,-0.0016199924,0.44270706
-0.05973854,-0.0099823335,0.4382402
-0.09213081,-0.031850565,0.44344562
-0.08765556,-0.013553399,0.4434905
-0.09876961,0.017121004,0.4405795
-0.0917497,0.022175223,0.4600084
-0.08747323,0.011479469,0.4825715
-0.09189344,0.008267997,0.43802506
-0.09460804,-0.00062521937,0.38628173
-0.0934467,-0.014373372,0.38005272
-0.09619997,-0.000042753945,0.3930181
-0.09169983,0.020497842,0.4119632
-0.08961663,0.01721545,0.43554738
-0.09355654,0.009570506,0.45761237
-0.09164224,-0.0015680296,0.41943356
-0.094238356,-0.020337101,0.40143284
-0.089877225,-0.0039812713,0.40445718
-0.10115484,0.008040122,0.42032364
-0.11011874,-0.00006624659,0.4455025
-0.097877316,0.014933667,0.46847728
-0.09035905,0.0118154,0.4911681
-0.09426001,0.0017679039,0.44988877
-0.08227118,-0.010139136,0.4195499
-0.09925526,-0.018378373,0.41724685
-0.08687597,0.018004427,0.43931994
-0.09638392,0.007983907,0.46117795
-0.09435611,-0.0064037233,0.42784935
-0.09794511,0.005502919,0.4235581
-0.089930005,0.028933713,0.4319934
-0.08377565,0.020095194,0.45492718
-0.0980462,0.00091821747,0.4776048
-0.093344964,-0.019001903,0.4580422
-0.09845257,-0.019541662,0.45403838
-0.086652905,0.017501688,0.46445388
-0.09640139,0.009995339,0.47529665
-0.09340957,-0.0070429845,0.4425359
-0.09693097,0.0075978655,0.43988422
-0.094598964,0.021924183,0.4470169
-0.08857076,0.014369416,0.47040325
-0.093525454,0.0017268013,0.43085378
-0.082378864,-0.011138161,0.40038347
-0.10110891,-0.01828195,0.3998917
-0.08323542,0.016544985,0.42124856
-0.09481899,0.0055764755,0.44383624
-0.092981026,-0.009655145,0.41117713
-0.10026408,-0.0029444154,0.4030793
-0.10103109,0.03246132,0.41032737
-0.11062998,0.015474515,0.4513647
-0.07940167,0.04679309,0.4731283
-0.06676673,0.026716303,0.49447116
-0.09024688,-0.0022200877,0.5174194
-0.08888513,-0.017775623,0.49611908
-0.09822325,-0.007568378,0.48358104
-0.101962045,0.030724632,0.5028569
-0.07155904,0.051959664,0.52372944
-0.060162786,0.023192847,0.54438335
-0.08120807,-0.0062377416,0.5040339
-0.09381276,-0.024477141,0.47149265
-0.091129996,-0.013278863,0.45606375
-0.09795468,0.014695801,0.45983717
-0.093802884,0.011974113,0.48022163
-0.091771856,-0.0041500656,0.44874814
-0.095424816,-0.016301962,0.43443894
-0.09618103,-0.00022131749,0.44556248
-0.081228524,0.023571018,0.42792842
-0.0855313,0.0144718755,0.43252906
-0.09422712,0.0016703081,0.4512445
-0.08336493,-0.015505837,0.4423135
-0.09881448,-0.021514295,0.44566247
-0.0856995,0.015759507,0.46162763
-0.09347323,0.01107927,0.4672432
-0.090748034,-0.0056114583,0.4287222
-0.095911615,-0.012825649,0.41335386
-0.09580415,0.0072807595,0.4173068
-0.091370806,0.031520855,0.43745914
-0.08453626,0.01819418,0.46205756
-0.093745574,0.0022163705,0.47594357
-0.08474315,-0.01341805,0.4507234
-0.09861732,-0.012639391,0.44635215
-0.09731407,0.024965052,0.46980524
-0.088613234,0.033722498,0.49249822
-0.076312385,0.011622688,0.5148304
-0.075638205,0.0065599503,0.4802244
-0.060722828,0.011151983,0.46126965
-0.0432867,0.019641507,0.45941764
-0.043180596,0.021605412,0.47051993
-0.055093303,0.016335072,0.48495102
-0.05143306,0.026781686,0.47292084
-0.06299242,0.014583986,0.47957286
-0.057840586,0.024928521,0.46789843
-0.07001718,0.013342795,0.47368222
-0.06553781,0.021967437,0.47063527
-0.08003444,0.009322502,0.48270664
-0.075932756,0.01169537,0.45794865
-0.06814975,0.024860935,0.44864485
-0.08336204,0.008071725,0.4505758
-0.07436057,0.011366283,0.44197237
-0.06679942,0.021139886,0.45885795
-0.082621686,0.0040107314,0.4833306
-0.07440999,-0.01251791,0.48203522
-0.10045149,-0.020103153,0.48382866
-0.08851084,0.0075656236,0.48347318
-0.085945904,0.013621998,0.4374038
-0.08903757,0.0066929436,0.41634354
-0.087822504,-0.0026886442,0.39322406
-0.093779415,-0.024393821,0.40358406
-0.0924673,-0.023038425,0.42816657
-0.098582864,0.010959654,0.44880095
-0.10148044,0.030973414,0.4703749
-0.11096148,0.009836623,0.49396288
-0.0798309,-0.0024468624,0.51517344
-0.06275731,-0.017486488,0.48881984
-0.09370994,-0.0199698,0.433745
-0.09696633,0.024157315,0.42018622
-0.089682706,0.04630197,0.41641572
-0.08056017,0.031564612,0.4279862
-0.08031005,0.01144909,0.4524787
-0.08182343,0.011696625,0.46278858
-0.088402785,0.0061691673,0.4710609
-0.07953232,0.0050246166,0.4365418
-0.060381483,0.00019032971,0.41409388
-0.03792143,-0.0039412403,0.40001252
-0.045087945,0.008047135,0.40925792
-0.022346351,0.0233468,0.4317217
-0.02304475,0.013403047,0.45313123
-0.0015760785,0.021111324,0.47468415
0.015972665,0.022654995,0.49447396
0.034761824,0.014577197,0.5151865
0.054295488,0.0024982786,0.53365594
0.06052406,-0.0005786361,0.5534729
0.0588564,0.009895075,0.57423836
0.06978345,0.007928098,0.591765
0.07557437,-0.0024362514,0.6084051
0.06268688,0.0114814695,0.62879974
0.06946818,0.037025027,0.6445819
0.07464714,0.02877008,0.6560116
0.079302505,0.028709078,0.6682046
0.0811728,0.033070665,0.6791184
0.08062381,0.03697449,0.6911581
0.07960255,0.04035701,0.7017078
0.07794931,0.04312982,0.7115306
0.075486846,0.046848755,0.72084075
0.070683174,0.047095086,0.7324516
0.064011425,0.048717927,0.74612284
0.056914117,0.049698308,0.7593598
0.047279585,0.050395746,0.7756657
0.037615694,0.049175635,0.79117006
0.10227373,-0.0035475784,0.5102235
0.08060746,0.0022046855,0.53362507
0.0567604,0.00840215,0.5600581
0.041537914,0.005287981,0.582971
0.03298598,0.012824698,0.6046072
0.022427844,0.0008102535,0.6219346
-0.004128661,-0.0028130389,0.61963725
-0.03274625,0.02595522,0.5818785
-0.05410843,0.033422414,0.5176238
-0.082486145,0.002254776,0.4448424
-0.077573724,-0.017441753,0.40713495
-0.07904251,-0.01964396,0.39780313
-0.094232686,-0.017812774,0.40826198
-0.094173916,-0.0038588224,0.4295136
-0.07401988,-0.0072797807,0.44156712
-0.058477186,-0.030959636,0.46003667
-0.09435519,-0.04064513,0.43544737
-0.08780811,-0.005670447,0.42241153
-0.06466123,0.010441861,0.4228753
-0.08965534,-0.024644483,0.4406249
-0.09449928,-0.03574365,0.44972622
-0.08132978,-0.0051647075,0.4529352
-0.06354198,0.017757367,0.46314445
-0.089643046,-0.012529581,0.48357224
-0.10180954,-0.032759774,0.48239645
-0.08446356,-0.0072108186,0.46168682
-0.065740846,0.01906443,0.4516635
-0.08663281,-0.00486718,0.46349484
-0.07215557,-0.036619533,0.46175343
-0.10768919,-0.046179827,0.45360467
-0.088607565,-0.012089154,0.45076516
-0.09275947,-0.010565087,0.4576738
-0.097035915,-0.018356845,0.46335968
-0.08547105,-0.0035603398,0.4569126
-0.066564314,-0.0057464326,0.4587295
-0.04588533,-0.017621249,0.46757805
-0.031253308,-0.023429982,0.48420894
-0.021480205,-0.015326966,0.5018775
-0.0060203564,-0.003145437,0.5167682
0.009186719,0.015951574,0.5269642
0.0039187693,0.0021724224,0.5389288
0.012910677,-0.0053126,0.55390406
0.022745958,0.017897287,0.56943333
0.015910573,0.005483655,0.58481115
0.017829828,-0.0024269125,0.5986105
-0.0076802564,0.011731858,0.60069513
-0.011001724,0.039970387,0.6064257
-0.03465964,0.012732305,0.5670856
-0.04978764,-0.016045371,0.50384724
-0.028131582,-0.017522292,0.48055816
-0.008323908,-0.0040085767,0.4737105
0.004623569,0.013192215,0.4860384
-0.005755181,-0.004373231,0.5093152
0.008379701,-0.009316377,0.52052426
0.021885997,0.01713293,0.53643674
0.012906119,0.005379929,0.5549809
0.016182262,-0.003667535,0.5743903
-0.008703976,0.0077566695,0.5890391
-0.00495355,0.03564883,0.5907525
-0.027434405,0.007164665,0.54819745
-0.024577603,-0.0037864922,0.51138866
-0.00369193,0.01218959,0.50095963
-0.008394073,-0.0032037294,0.50883836
0.0065665273,-0.0025070484,0.51737726
0.019523785,0.01453835,0.53194314
0.011604219,-0.0024198275,0.5534948
0.01885814,-0.014232487,0.5705489
-0.007610169,-0.0065875547,0.58130294
-0.03696622,0.028174533,0.5657263
-0.06343525,0.030118173,0.5129936
-0.09322436,-0.0045434223,0.44295228
-0.074333474,-0.023085326,0.40622616
-0.08844505,-0.019910526,0.39887437
-0.09880923,-0.013406696,0.41015422
-0.089540154,0.008000211,0.4348236
-0.101847336,0.0038277735,0.45518154
-0.115874164,-0.0019823539,0.48000002
-0.08166394,0.01068235,0.50069475
-0.093928955,-0.02574838,0.47916624
-0.08770292,-0.032338545,0.45695737
-0.08625868,-0.0056327,0.46045712
-0.068026416,0.0013264334,0.45639154
-0.05268817,-0.0144875515,0.45532677
-0.03683866,-0.024943726,0.46907234
-0.03326712,-0.016790748,0.4882079
-0.017172785,-0.00757581,0.50449955
0.00009203991,0.0077191927,0.5135725
0.0022825198,-0.000078052406,0.525675
0.013284599,0.008878644,0.54143816
0.015629204,-0.0008390583,0.5551451
0.022477766,0.00011756559,0.57331914
0.026796628,0.017828505,0.5887911
0.017855747,-0.0011767733,0.6062025
-0.009455885,-0.027322851,0.6053173
-0.01537132,-0.008556289,0.5702295
0.002626185,0.022501495,0.540549
-0.014065234,0.00020180957,0.48246145
-0.0052191555,-0.004235402,0.44712976
0.0064402255,0.016541585,0.43197334
-0.009605097,-0.00093702605,0.43305522
-0.08784778,-0.015155585,0.43960184
-0.10672245,-0.026546124,0.46129036
-0.08469711,0.0034905246,0.46450418
-0.07572478,-0.000019249464,0.44570568
-0.09139186,-0.03843986,0.44989413
-0.08900043,-0.04589112,0.44147593
-0.08178454,-0.015155695,0.43703574
-0.10897853,0.024322288,0.4442347
-0.09736929,0.05130473,0.45913014
-0.08118464,0.042144403,0.4823954
-0.08855062,0.007963112,0.50378484
-0.09453969,-0.0063862093,0.48540545
-0.10025581,0.008713136,0.48388332
-0.09570118,0.023678588,0.44310853
-0.08357182,0.02423679,0.4164769
-0.09432657,0.012352936,0.40450972
-0.09481798,0.0061679133,0.41021386
-0.08861776,0.003369132,0.3966275
-0.083146684,-0.009905861,0.39791352
-0.10460021,-0.012917193,0.42107037
-0.08633442,0.015205072,0.4436629
-0.08946497,0.019866308,0.4518288
-0.09747343,0.0036589752,0.46656224
-0.09162157,-0.008114168,0.44246012
-0.09997058,0.0070215124,0.43542227
-0.09266422,0.02907081,0.44214356
-0.08766901,0.017896753,0.46275458
-0.099833354,0.0017633358,0.47797278
-0.09358516,-0.008312292,0.44119912
-0.099153064,0.009992302,0.41968048
-0.0894318,0.03476498,0.40853134
-0.085124165,0.026576892,0.41388264
-0.095397726,0.009876747,0.43692902
-0.097256444,0.00040018998,0.4119429
-0.08954798,-0.0105717685,0.39265013
-0.10490972,-0.008061875,0.39546186
-0.08637455,0.01803063,0.41352046
-0.095389,0.008052713,0.4380004
-0.09677064,-0.0010075271,0.40386206
-0.09911672,-0.0064955894,0.38231075
-0.09342762,0.012768586,0.37448052
-0.0933163,0.028187044,0.38374674
-0.08785813,0.021798844,0.40744457
-0.09575188,0.0074859466,0.42945167
-0.09772885,-0.0020555812,0.4031776
-0.098871574,0.014457746,0.3904376
-0.091660045,0.027211623,0.3879271
-0.08598868,0.022931477,0.4039053
-0.096232735,0.0074213278,0.42897353
-0.09652105,-0.00249729,0.40977505
-0.098937884,0.010115318,0.4180432
-0.09080019,0.013675766,0.4381513
-0.0969007,0.0040372727,0.45163152
-0.086769335,-0.0035054625,0.41780466
-0.09559926,-0.011262122,0.4008889
-0.09630239,0.005730843,0.40097103
-0.0965481,0.024252607,0.40864155
-0.08918138,0.01894464,0.42933625
-0.09832506,0.003246566,0.45294058
-0.0922463,-0.0065120882,0.42034125
-0.10006125,0.008956088,0.40261242
-0.08699485,0.033918433,0.39639157
-0.08778476,0.02436862,0.40797567
-0.09515182,0.0109466715,0.4322965
-0.09538924,0.0021893317,0.43099934
-0.08541644,-0.011748091,0.4104708
-0.103657104,-0.008056331,0.42185
-0.09196063,0.020334529,0.44549218
-0.09537812,0.008803504,0.46454263
-0.09840644,-0.0009705672,0.432511
-0.09547685,0.011800337,0.41829908
-0.091104746,0.008730904,0.41391173
-0.09145783,0.011188006,0.4007768
-0.09569438,0.007823663,0.39658555
-0.095040806,0.00079876377,0.4110277
-0.09031993,-0.015929151,0.42746556
-0.10253147,-0.015957352,0.44970867
-0.08355121,0.013608181,0.4723181
-0.08433434,0.019651394,0.4901636
-0.09887058,0.0106215,0.45515385
-0.094200164,0.006701266,0.4007709
-0.08709497,0.00695999,0.37076366
-0.08038278,0.0036960938,0.36708736
-0.09347908,-0.018696733,0.38562852
-0.09584343,-0.022915741,0.41086113
-0.086417325,0.008997505,0.43370348
-0.082088605,0.021494268,0.45519695
-0.094273955,0.0071353815,0.4784496
-0.09169112,0.0055942386,0.44710243
-0.07870109,-0.00005246169,0.42861703
-0.09223975,-0.031749737,0.41986144
-0.0889657,-0.039845023,0.42753226
-0.082526155,-0.010985376,0.43236572
-0.10193782,0.01472903,0.4463952
-0.09223914,0.015586357,0.46752524
-0.10092756,0.0018613356,0.4371102
-0.1036563,0.019364195,0.4265426
-0.09111292,0.029932562,0.42551076
-0.08837105,0.019129137,0.4418455
-0.100548625,0.0014119477,0.4670931
-0.10071142,-0.007907455,0.44077596
-0.091933474,0.009040177,0.46379393
-0.10764048,0.008611191,0.4846289
-0.07589246,-0.0020632818,0.50650173
-0.05409739,-0.011268561,0.48117507
-0.029843634,-0.009806593,0.46455932
-0.013591712,0.0088299075,0.46632758
-0.026783638,0.0018298719,0.484976
-0.027560959,0.010242964,0.49190992
-0.0436802,-0.006834388,0.5029435
-0.026990425,-0.01204317,0.49359715
-0.009506983,0.007828219,0.4918921
-0.017155977,-0.0010342377,0.5042289
-0.008700876,0.012672247,0.49986553
-0.018937603,0.0018511224,0.5000585
-0.016286043,-0.00326935,0.4972776
-0.006742613,0.016005434,0.49965802
-0.022628965,-0.0042175543,0.5097836
-0.011855546,-0.013765277,0.50096
-0.014267021,0.005705223,0.5026691
-0.01915128,0.0068043335,0.51043224
-0.024718663,0.0027773627,0.5127866
-0.02122732,0.014129378,0.49597868
-0.03698635,-0.0040654973,0.49470472
-0.023148786,-0.010071294,0.48882174
-0.00899577,0.009693149,0.49785855
-0.017974352,-0.004237918,0.51247317
-0.016608035,0.0017890875,0.50482583
-0.011746477,0.016142005,0.5007916
-0.02925356,-0.006975577,0.51051587
-0.015121672,-0.016945394,0.5060825
-0.0020910655,0.00047104913,0.5129409
0.004091767,0.013007168,0.5235103
-0.0034062462,-0.005232315,0.5362607
-0.034548726,-0.030606342,0.53781617
-0.031911094,-0.020262703,0.5220011
-0.018113881,-0.011799475,0.52336514
-0.0301806,0.0010270004,0.5179019
-0.022091845,0.014841505,0.4909874
-0.037631676,-0.005397346,0.47927517
-0.022488166,-0.01300235,0.47905424
-0.009875584,0.0058247647,0.49501735
-0.015847003,0.0031637847,0.5073801
-0.01452614,0.0109966565,0.50743794
-0.026706899,-0.005982384,0.5155454
-0.013053715,0.0043041618,0.5075616
-0.011071853,0.0107846875,0.49979532
-0.021539193,-0.006130527,0.5071138
-0.00986583,0.0059354906,0.5037596
-0.013224888,0.0064335666,0.5082444
-0.018964633,0.0013916099,0.517581
-0.0118216,0.0150459865,0.50658935
-0.02645273,-0.0025179617,0.50974584
-0.015811808,-0.011114835,0.49250782
-0.0018025178,0.010511772,0.489937
-0.011900943,-0.0035905202,0.5024852
-0.0028069087,-0.0007661963,0.5036477
0.0050543323,0.016617667,0.5116844
-0.008007669,-0.004260543,0.5283189
-0.039503787,-0.03293568,0.5283867
-0.040214982,-0.019899223,0.50548106
-0.022304932,-0.015948163,0.50106865
-0.009315659,-0.0010820844,0.51056814
0.0001793958,0.017207267,0.51129067
-0.013323552,-0.0014127876,0.5208184
-0.0033927131,-0.009694314,0.5144512
-0.03046333,0.0026660261,0.52016467
-0.02760119,0.029194465,0.50045645
-0.0499437,0.0007496112,0.43950436
-0.04880579,-0.004768224,0.40676147
-0.041731495,0.009245426,0.38931113
-0.065871835,-0.012499004,0.39191398
-0.059683304,-0.040561218,0.41063538
-0.09707907,-0.04827892,0.39700523
-0.088430904,-0.016576348,0.38884115
-0.081859164,-0.008912941,0.39493695
-0.07287807,-0.037137393,0.4102986
-0.10984923,-0.074459635,0.42618334
-0.092234544,-0.06222536,0.4424336
-0.07248255,-0.022063697,0.4574016
-0.071848705,-0.01203144,0.46262628
-0.05555543,-0.021317076,0.47343332
-0.044587526,-0.035787646,0.48517513
-0.08038171,-0.029896133,0.45404977
-0.09285206,0.0032689748,0.43189937
-0.08867457,0.009345233,0.4242018
-0.10177596,-0.014232304,0.43281963
-0.08569159,0.0013126474,0.45675573
-0.079727285,0.013074306,0.4425487
-0.09451506,-0.014216071,0.45148724
-0.09320707,-0.017849473,0.4499828
-0.09182071,-0.014081832,0.4484287
-0.09608035,-0.015711104,0.45316458
-0.08848328,-0.011730248,0.45230043
-0.08522951,-0.01868104,0.45839182
-0.09628473,-0.013875494,0.46376726
-0.0883144,-0.014609716,0.45921102
-0.09546652,-0.01656976,0.4658607
-0.08833468,-0.014223713,0.45732948
-0.09522181,-0.0171186,0.46410194
-0.08717924,-0.0144459875,0.4088999
-0.09009905,-0.024528658,0.4127788
-0.093557954,-0.015380298,0.43028477
-0.09735082,-0.017044976,0.43879887
-0.08773948,-0.006434501,0.44554985
-0.07027433,-0.015083771,0.45535025
-0.060017973,-0.041787013,0.47269425
-0.097973116,-0.051433932,0.44261774
-0.09589529,-0.021739107,0.4213555
-0.07874599,0.0064722146,0.41697705
-0.09808178,-0.014455517,0.42748353
-0.091167025,-0.027058609,0.4422122
-0.0859143,-0.01252234,0.45066842
-0.07532094,-0.019784328,0.45472422
-0.07129883,-0.030804042,0.45741466
-0.088706985,-0.012935427,0.45652565
-0.08585312,-0.00036998195,0.46095374
-0.07159771,-0.018686812,0.43963295
-0.061548736,-0.029543215,0.4373905
-0.067590095,-0.01753462,0.4479876
-0.05507727,0.0015823893,0.46186513
-0.06544997,-0.024612244,0.48083025
-0.067738906,-0.03579271,0.47164145
-0.10140755,-0.020467952,0.4438207
-0.08163222,0.015343545,0.43457395
-0.09402592,0.0010692438,0.44417956
-0.094710656,-0.019302659,0.4480432
-0.08893959,-0.014592158,0.4484634
-0.09419124,-0.018871967,0.45796788
-0.08962403,-0.014377803,0.4514165
-0.094420284,-0.01740009,0.4593117
-0.09091955,-0.015119267,0.45096657
-0.0951379,-0.015059429,0.45650712
-0.09146036,-0.016975733,0.4512294
-0.095367044,-0.01360587,0.4531609
-0.09256229,-0.017506335,0.45079428
-0.094258465,-0.013484318,0.44799644
-0.09504364,-0.016568098,0.4492689
-0.09063439,-0.016320445,0.44817165
-0.095782585,-0.014003056,0.45433167
-0.09071122,-0.017722901,0.4518374
-0.09559294,-0.013447175,0.45492616
-0.09202643,-0.017782561,0.45212194
-0.09471741,-0.0130742835,0.44932124
-0.09436766,-0.016999468,0.45016918
-0.091647595,-0.0153643545,0.44750673
-0.095835544,-0.014705034,0.453311
-0.08984853,-0.017497288,0.45144945
-0.09573762,-0.01321928,0.45633423
-0.091722704,-0.017860938,0.45311722
-0.09491678,-0.012933834,0.4504617
-0.09402241,-0.017135238,0.45078647
-0.09204209,-0.015014684,0.44749427
-0.09582507,-0.0150115825,0.4530195
-0.0895903,-0.017394066,0.45122355
-0.095815115,-0.013108812,0.45667925
-0.09155344,-0.017890016,0.45347863
-0.09503982,-0.012947335,0.4512891
-0.09378753,-0.017162206,0.4509218
-0.09239568,-0.014800386,0.44731158
-0.09581428,-0.015403703,0.45264828
-0.08928527,-0.017207257,0.45096022
-0.09588194,-0.013034961,0.457138
-0.091375306,-0.017926123,0.45383394
-0.09514641,-0.013004683,0.4523147
-0.0935406,-0.017203974,0.4511767
-0.09274966,-0.0145749375,0.44717428
-0.09571948,-0.015635995,0.45182407
-0.08941889,-0.017100634,0.45038655
-0.095948,-0.013027207,0.4566904
-0.09113312,-0.01793342,0.45366475
-0.09532702,-0.013072896,0.453435
-0.09313989,-0.017369123,0.45155662
-0.09330233,-0.014125635,0.44773877
-0.095527284,-0.016021397,0.45115152
-0.089662775,-0.016884718,0.44963422
-0.09599983,-0.01311288,0.45607808
-0.09084049,-0.01793475,0.453333
-0.09554851,-0.01314043,0.45466834
-0.09252659,-0.017674532,0.4522509
-0.09407154,-0.013507735,0.4486278
-0.09522152,-0.016440814,0.4500391
-0.09017704,-0.016508836,0.4486822
-0.096035525,-0.013389259,0.45512247
-0.09044985,-0.017862983,0.45302418
-0.09575665,-0.013166545,0.45598146
-0.091708265,-0.017831761,0.45304197
-0.09494867,-0.012947543,0.45051166
-0.09397306,-0.01713432,0.45068684
-0.09212687,-0.014971513,0.44740215
-0.09582806,-0.015082852,0.45287836
-0.08951714,-0.017364716,0.45116112
-0.09593439,-0.012937122,0.45677847
-0.09129934,-0.01791949,0.45383704
-0.09520516,-0.013051636,0.45273092
-0.09339403,-0.017245699,0.45127922
-0.0929767,-0.014403749,0.44737068
-0.09564093,-0.015791032,0.45151117
-0.08953291,-0.017048627,0.4500288
-0.096011735,-0.01298986,0.45634827
-0.09490961,-0.010571469,0.42385256
-0.09645811,-0.0015021991,0.43902194
-0.080814846,-0.009982063,0.42438465
-0.07110353,-0.023770973,0.42498058
-0.10577469,-0.0180202,0.43252105
-0.085285574,0.01190656,0.4518064
-0.08754356,0.002233461,0.4751478
-0.07291606,-0.0100899255,0.454015
-0.049587168,-0.018923799,0.4371139
-0.07148184,-0.022127753,0.44299984
-0.093620725,-0.0026921618,0.45071116
-0.07584978,-0.002960816,0.43803984
-0.056309078,-0.024137229,0.44853103
-0.09267349,-0.034695122,0.43100432
-0.09195924,-0.00083286216,0.41734463
-0.0732093,0.015457089,0.41839623
-0.08425094,-0.0077801817,0.43783873
-0.069352895,-0.02669867,0.44495088
-0.10328656,-0.038648684,0.43088502
-0.08661246,-0.0043261386,0.43471837
-0.06504862,0.0064800056,0.43809837
-0.05850123,-0.004001185,0.44435018
-0.03706964,-0.011215306,0.460134
-0.01721974,-0.0067997137,0.48186126
0.005419963,0.010398293,0.5004647
0.0231916,0.009133228,0.5199831
0.040056452,0.0034081389,0.5393118
0.05660071,-0.00025739623,0.55726296
0.069822125,0.0045776325,0.5747532
0.07982091,0.0036100491,0.5907543
0.08306311,0.011168878,0.60835636
0.08117633,0.007062257,0.62581193
0.07791002,0.01591284,0.6455843
0.07410034,0.015879445,0.6619079
0.06841292,0.019183654,0.6816759
0.06320515,0.026722094,0.6973087
0.05443507,0.024079064,0.71643734
0.048957203,0.026241506,0.73082054
0.045060452,0.024947394,0.7416581
0.043849654,0.025830237,0.74732786
0.04296903,0.025399279,0.7518909
0.043337647,0.026073748,0.7538862
0.04297324,0.025613926,0.75679314
0.043659497,0.026274556,0.7576171
0.04319319,0.025728885,0.7601764
0.043985885,0.026414342,0.7603737
0.043426476,0.025863329,0.76270306
0.04419842,0.02648098,0.7626028
0.043646548,0.02601777,0.7646203
0.044267844,0.026527096,0.76452285
0.04377741,0.026139585,0.7661994
0.04429755,0.026567347,0.76607126
0.04386104,0.026238814,0.7674674
0.044296846,0.02660247,0.76731664
0.04390168,0.02632125,0.76848817
0.044264354,0.026630176,0.76832294
0.043906987,0.026389949,0.7693014
0.04420333,0.02665152,0.7691305
0.043878544,0.026446681,0.7699438
0.044115487,0.026667345,0.7697712
0.043819245,0.026493194,0.77044034
0.044001713,0.026678309,0.77026933
0.043728817,0.026530366,0.7708139
0.043862607,0.026685132,0.7706433
0.043608345,0.026559379,0.7710796
0.043698158,0.026688151,0.7709083
0.04345842,0.026581217,0.7712492
0.043507956,0.026687717,0.7710761
0.043278296,0.02659663,0.77133363
0.04329108,0.02668412,0.77115655
0.043067534,0.026606243,0.7713405
0.04304665,0.026677646,0.771157
0.042825464,0.026610628,0.7712758
0.042773515,0.02666864,0.7710835
0.042551026,0.026610354,0.77114475
0.042470217,0.026657235,0.77094096
0.042243533,0.026606472,0.7709506
0.042134326,0.026643362,0.77073526
0.041901667,0.026598563,0.7706964
0.041766003,0.026627406,0.7704664
0.041524354,0.026587367,0.77038395
0.041363016,0.02660948,0.7701378
0.04111006,0.026573185,0.7700152
0.04091027,0.02660946,0.7697752
0.040597282,0.02655633,0.7696944
0.040379345,0.026621163,0.76942664
0.03999535,0.026526267,0.769405
0.039803054,0.026645517,0.7690349
0.039323766,0.026475988,0.7691117
0.039202273,0.026694944,0.76856244
0.038571082,0.026389599,0.7688306
0.038618524,0.026799228,0.7679355
0.037712753,0.026230332,0.7685994
0.03811237,0.027010769,0.7670468
0.036717843,0.02593576,0.76846635
0.037760854,0.027406527,0.7657583
0.03561679,0.025434952,0.7683811
0.037655782,0.028066691,0.7638996
0.034754705,0.024885697,0.76781076
0.03764716,0.028771,0.76175845
0.018813208,-0.0020901277,0.48039174
-0.0139675485,0.014602644,0.4996875
-0.04732135,-0.0048717307,0.5189402
-0.08263647,-0.0233423,0.48267186
-0.09054234,-0.015879193,0.46936518
-0.094803385,-0.019081924,0.469813
-0.090854205,-0.017506843,0.46197927
-0.09478443,-0.0177119,0.4681472
-0.092092626,-0.018042464,0.46313936
-0.092904404,-0.017031426,0.46670637
-0.09278276,-0.018183114,0.4686199
-0.092548236,-0.01764767,0.46863607
-0.09297671,-0.018014146,0.47015443
-0.09259653,-0.017973315,0.46953297
-0.09283711,-0.017911186,0.47018886
-0.09274523,-0.01800967,0.47008628
-0.092740834,-0.017995674,0.47008988
-0.09274178,-0.017990457,0.4701036
-0.09274361,-0.017988097,0.47011742
-0.09274543,-0.017986724,0.47012988
-0.09274701,-0.017985873,0.47014087
-0.09274831,-0.01798536,0.47015062
-0.09274934,-0.01798507,0.47015923
-0.092750154,-0.017984927,0.47016692
-0.09275078,-0.01798489,0.47017378
-0.09275126,-0.017984932,0.47017995
-0.09275163,-0.017985024,0.47018552
-0.092751905,-0.017985145,0.47019058
-0.09275211,-0.017985288,0.4701952
-0.09275226,-0.017985445,0.47019944
-0.092752375,-0.017985608,0.4702033
-0.09275246,-0.017985776,0.47020692
-0.092752516,-0.017985938,0.4702102
-0.09275255,-0.017986102,0.4702133
-0.09275258,-0.017986257,0.47021613
-0.0927526,-0.017986411,0.47021878
-0.092752606,-0.017986553,0.47022122
-0.09275261,-0.017986692,0.47022352
-0.09275261,-0.017986827,0.47022566
-0.092752606,-0.017986948,0.47022766
-0.092752606,-0.017987063,0.4702295
-0.0927526,-0.017987179,0.47023126
-0.09275259,-0.017987281,0.47023287
-0.09275258,-0.01798738,0.4702344
-0.092752576,-0.017987475,0.47023582
-0.09275257,-0.017987562,0.47023717
-0.09275255,-0.017987646,0.4702384
-0.092752546,-0.017987717,0.47023955
-0.09275254,-0.01798779,0.47024065
-0.09275254,-0.017987862,0.47024167
-0.09275252,-0.017987922,0.4702426
-0.092752516,-0.017987983,0.47024348
-0.092752516,-0.017988037,0.47024432
-0.09275251,-0.017988091,0.47024512
-0.0927525,-0.017988136,0.47024584
-0.092752494,-0.017988186,0.47024652
-0.092752494,-0.017988227,0.47024718
-0.09275249,-0.017988265,0.47024778
-0.09275248,-0.017988302,0.4702483
-0.09275248,-0.017988339,0.47024885
-0.09275247,-0.017988378,0.47024935
-0.09275247,-0.017988408,0.4702498
-0.092752464,-0.017988434,0.47025025
-0.092752464,-0.017988464,0.47025064
-0.09275246,-0.017988488,0.47025102
-0.09275246,-0.017988507,0.47025135
-0.09275245,-0.017988527,0.4702517
-0.09275245,-0.017988553,0.470252
-0.09275245,-0.017988572,0.4702523
-0.09275245,-0.01798859,0.47025257
-0.09275244,-0.01798861,0.4702528
-0.09275244,-0.017988626,0.47025305
-0.09275244,-0.017988635,0.4702533
-0.09275244,-0.017988652,0.4702535
-0.092752434,-0.017988667,0.47025368
-0.092752434,-0.01798868,0.47025385
-0.092752434,-0.01798869,0.47025403
-0.092752434,-0.017988697,0.47025418
-0.092752434,-0.01798871,0.47025436
-0.092752434,-0.01798872,0.47025448
-0.09275243,-0.01798873,0.47025463
-0.09275243,-0.017988736,0.47025475
-0.09275243,-0.017988743,0.47025484
-0.09275243,-0.017988758,0.47025496
-0.09275243,-0.01798876,0.47025508
-0.09275243,-0.017988767,0.47025517
-0.09275243,-0.017988771,0.47025526
-0.09275242,-0.017988775,0.47025532
-0.09275242,-0.017988779,0.4702554
-0.09275242,-0.017988782,0.47025546
-0.09275242,-0.017988792,0.47025555
-0.09275242,-0.017988795,0.4702556
-0.09275242,-0.017988801,0.47025567
-0.09275242,-0.017988805,0.47025573
-0.09275242,-0.017988807,0.47025576
-0.09275242,-0.017988808,0.47025582
-0.09275242,-0.01798881,0.47025585
-0.09275242,-0.017988812,0.4702559
-0.09275242,-0.017988818,0.47025594
-0.09275242,-0.017988818,0.47025597
-0.08628262,-0.01249724,0.40988585
-0.10064234,-0.023891095,0.4165279
-0.08240886,0.011704351,0.43876386
-0.09152654,0.00018982684,0.4568933
-0.076398045,-0.015731623,0.4488629
-0.0964662,-0.027318804,0.4357679
-0.08446876,0.014060916,0.435998
-0.092772305,0.008324837,0.45037448
-0.0916772,-0.007773146,0.4339148
-0.09837872,-0.0050768293,0.43969268
-0.10511812,0.01521352,0.46373236
-0.07483696,0.050068483,0.48485333
-0.06399087,0.02733786,0.5069388
-0.08983851,-0.01130051,0.46123943
-0.110166095,-0.013212466,0.44543213
-0.08330525,0.015480899,0.46904036
-0.09321217,0.0011933277,0.4818439
-0.08548478,-0.018576255,0.4669764
-0.096052974,-0.020613924,0.4565154
-0.089877516,0.019033315,0.4553998
-0.08643677,0.024096457,0.47322387
-0.083890535,0.008209252,0.49450243
-0.07843367,0.009068986,0.45598894
-0.06604031,0.021015605,0.4384148
-0.07366749,0.0093697235,0.43165958
-0.06166145,0.015965905,0.44751462
-0.063696,0.017307494,0.47037295
-0.072985575,0.0113780135,0.46432438
-0.06705259,0.021758199,0.4790586
-0.083897576,0.002511732,0.49432954
-0.073855445,-0.015514452,0.48587483
-0.09915235,-0.02332198,0.4704015
-0.08553761,0.015863288,0.4641242
-0.09071959,0.008921084,0.44349837
-0.093844056,-0.005455947,0.44115758
-0.09929586,-0.010521223,0.4519881
-0.09784824,0.00952744,0.47581553
-0.09945987,0.026615277,0.49751708
-0.06724525,0.020157076,0.51883686
-0.0803155,-0.015566007,0.4723171
-0.09985653,-0.0093278885,0.44849056
-0.09843273,0.030617503,0.46664265
-0.09045675,0.03718073,0.49107403
-0.075764015,0.012197134,0.51414484
-0.07569653,0.0095289815,0.4758942
-0.06480384,0.022166504,0.45476267
-0.07500558,0.008378116,0.45072052
-0.06237965,0.010673184,0.468719
-0.050341453,0.019166926,0.4921911
-0.055567637,0.018919634,0.45749593
-0.063534535,0.017874926,0.44589296
-0.0688276,0.015131483,0.45285308
-0.07541921,0.011527824,0.47461048
-0.07185197,0.019661166,0.46056387
-0.08556598,0.0040735677,0.46210465
-0.07478443,-0.0077048116,0.45316318
-0.08211143,-0.011140098,0.46283787
-0.101954654,-0.0073574046,0.4598184
-0.09877495,0.01973213,0.48222846
-0.06602308,0.040318195,0.50411355
-0.07528697,0.011650714,0.5218149
-0.07836501,0.013117695,0.49932083
-0.085723095,0.0091171,0.44084287
-0.08556611,0.004377971,0.4219261
-0.07236469,-0.0017214437,0.41197425
-0.05508601,-0.0148485955,0.42558715
-0.08991303,-0.025746018,0.41366297
-0.09925958,0.01077736,0.42975524
-0.10356743,0.029393874,0.45368809
-0.11839963,0.004321553,0.47593397
-0.08731328,-0.0021653324,0.49610075
-0.07110456,-0.01695344,0.47429928
-0.10731546,-0.025066353,0.4553764
-0.08824566,0.0024605764,0.45769727
-0.07550485,-0.00086029863,0.45552847
-0.05035189,-0.013523864,0.44919023
-0.08016988,-0.013666026,0.41009253
-0.10125364,-0.0024136922,0.4066111
-0.10188729,0.019001095,0.42451644
-0.09433412,0.030787725,0.44943738
-0.08681853,0.008701424,0.4722833
-0.09009049,-0.00045970615,0.43594715
-0.069637,-0.007877118,0.4080877
-0.08204798,-0.018960804,0.40691411
-0.09993343,0.001329014,0.42497146
-0.108429246,0.019602742,0.45006573
-0.075127706,0.02061477,0.47163045
-0.09170444,-0.005056552,0.4926228
-0.10141469,-0.022286812,0.4835481
-0.085199416,-0.0063898815,0.47983685
-0.09862462,-0.0035480368,0.47809485
-0.10589475,0.004282094,0.5017134
-0.073180616,0.03360258,0.523123
-0.071474284,0.01077537,0.48040977
-0.0683191,0.01889207,0.46009043
-0.074497856,0.0139728775,0.45997488
-0.082364984,0.008902035,0.475009
-0.080497675,0.0075617568,0.45471638
-0.068402626,0.011391065,0.45468217
-0.056115203,0.024587,0.47144908
-0.078939855,-0.011202711,0.41239417
-0.07757753,-0.022276206,0.42055607
-0.1010357,-0.016258257,0.437667
-0.08864712,0.018314056,0.46083567
-0.086840734,0.01084661,0.4819578
-0.088666365,-0.018718556,0.47404304
-0.09672349,-0.021132145,0.45793328
-0.085855514,0.014015277,0.455074
-0.08730782,0.013581299,0.46924472
-0.09016074,-0.0055994107,0.49025393
-0.08263416,-0.023265133,0.46721962
-0.09841176,-0.021375647,0.45904619
-0.08531502,0.016533105,0.45858774
-0.083797865,0.015352025,0.47325706
-0.0875872,-0.0029176413,0.49345246
-0.071493104,-0.020367106,0.4785605
-0.09287995,-0.033978138,0.47299284
-0.083893955,0.0004600464,0.45465532
-0.06378225,0.026724406,0.44532543
-0.07327594,0.007224433,0.45942882
-0.07561126,-0.0068170815,0.45020664
-0.0551412,-0.016879022,0.45306557
-0.050232418,-0.014339943,0.46471578
-0.037132375,-0.0022267606,0.47827044
-0.012871978,0.010450319,0.49648005
0.0037818465,0.011885858,0.5140417
0.020109357,0.008710678,0.5340255
0.036872152,0.010223476,0.5539466
0.0508868,0.0061362395,0.5724598
0.06373305,0.0011102827,0.59019756
0.07359668,0.010015934,0.60655
0.07781318,0.00743603,0.6220449
0.07761795,0.014828897,0.6392326
0.07333723,0.015384248,0.6552577
0.06828754,0.019609496,0.6741734
0.06264292,0.02751892,0.69067925
0.051533245,0.02785689,0.7111783
0.04150647,0.027154373,0.73023796
0.03590201,0.027035967,0.741806
0.033020165,0.02711633,0.7482658
0.031351484,0.02667612,0.75225466
0.031202206,0.027189812,0.75339323
0.030381609,0.026495185,0.7554782
0.031231683,0.027573192,0.7545533
0.029885665,0.026125465,0.75725853
0.031682223,0.028258808,0.75445193
0.02940753,0.025479551,0.7585313
0.03242477,0.029264502,0.75336736
0.030036198,0.02496895,0.7575559
0.032679014,0.029902846,0.75278425
0.03306235,0.02569714,0.7523892
0.033174735,0.029449942,0.75194377
0.029450085,0.024893554,0.7580758
0.03243797,0.030252308,0.75247175
0.033018485,0.02575388,0.751521
0.03264616,0.029569091,0.75166965
0.028572641,0.024881598,0.75815564
0.031388223,0.030298118,0.7525633
0.032065246,0.025842361,0.7512589
0.03145879,0.029554747,0.7515835
0.027218344,0.024901094,0.7581282
0.030100254,0.030321686,0.75213945
0.030866912,0.025942441,0.75048834
0.02996644,0.029502692,0.7511007
0.02555607,0.02491649,0.75771445
0.028507585,0.030343154,0.7513185
0.029197514,0.025969429,0.7495832
0.028197274,0.029504836,0.75013834
0.023653358,0.02488407,0.756758
0.026610633,0.030376831,0.75002474
0.027711583,0.026173852,0.7473866
0.025968079,0.02928029,0.74898803
0.021252625,0.02498007,0.75563335
0.024405539,0.030282205,0.7482244
0.024628034,0.025994478,0.7467416
0.023484826,0.029435122,0.7469855
0.01869133,0.024786372,0.7534706
0.021449473,0.030003868,0.7462
0.022360379,0.02650619,0.7432515
0.019671127,0.02851782,0.7457988
0.015192967,0.025197994,0.7512482
0.017579993,0.029015798,0.74407184
0.014192717,0.024917623,0.7475229
0.015239305,0.028801335,0.74226534
0.014465131,0.025868071,0.74110675
0.012906725,0.027752692,0.74049354
0.008584956,0.024646679,0.7445115
0.0117646195,0.027973121,0.7364034
0.007099741,0.02473235,0.7396175
0.00896817,0.026972884,0.73414844
0.0052723666,0.024747116,0.7360311
0.0070954235,0.026516255,0.7298913
0.0034693163,0.024463402,0.73158807
0.0054786736,0.026319264,0.72466904
0.0016108378,0.024104524,0.7264943
0.0037778062,0.026135707,0.7189636
-0.00098567,0.02358786,0.71996707
0.0011698633,0.025849206,0.71010786
-0.0057615642,0.022551812,0.70837593
-0.004985821,0.025087845,0.6905644
-0.08617068,-0.034982428,0.4497895
-0.09737229,-0.03782881,0.45473236
-0.07901746,-0.024344632,0.4647336
-0.08375874,-0.039349835,0.46255177
-0.09735021,-0.032412942,0.46185398
-0.079260334,-0.009905126,0.4634283
-0.06257412,-0.024366694,0.4593843
-0.055803135,-0.023901511,0.45934588
-0.05197397,-0.007474178,0.46237743
-0.085110135,-0.014671457,0.4559859
-0.08251778,-0.04025369,0.47721076
-0.10204961,-0.073600024,0.47068754
-0.085173815,-0.050027747,0.48264328
-0.08706448,-0.011723026,0.48913178
-0.08000624,-0.0075469664,0.50596994
-0.069381095,-0.030728318,0.4820281
-0.07261457,-0.038334373,0.46052018
-0.08927875,-0.024617746,0.45721284
-0.095732175,-0.010032179,0.46437564
-0.09376727,-0.022259768,0.4537557
-0.090025045,-0.017759629,0.45788568
-0.091926076,-0.025987469,0.46138632
-0.09131673,-0.016999241,0.46406302
-0.09424523,-0.025004996,0.4658172
-0.087492004,-0.018323936,0.4649888
-0.08753306,-0.03666241,0.46841782
-0.095600665,-0.059391916,0.4675387
-0.08050708,-0.0308738,0.4824043
-0.09242811,-0.009889324,0.47937927
-0.08614616,-0.02191069,0.49614063
-0.09509359,-0.041909315,0.48340228
-0.07943596,-0.023794023,0.48327076
-0.08562676,-0.037918497,0.47380164
-0.095909745,-0.03272605,0.46914083
-0.07912457,-0.014035767,0.46683958
-0.069450445,-0.040001724,0.47493932
-0.091261834,-0.06983023,0.4681418
-0.08106849,-0.045041416,0.4841438
-0.09474617,-0.005375417,0.4764401
-0.08446548,0.009066903,0.49039787
-0.11872568,-0.017926557,0.50362587
-0.0960558,-0.0086821,0.5156822
-0.089800574,-0.014107609,0.48458314
-0.086935215,-0.048000257,0.48391014
-0.08930622,-0.05681481,0.48960862
-0.079574734,-0.026627962,0.5001661
-0.08850373,-0.030521724,0.48269695
-0.096451335,-0.01989659,0.4769427
-0.08867483,-0.015024318,0.46954557
-0.08608571,-0.047115467,0.4838874
-0.0924267,-0.06598933,0.48691586
-0.07812536,-0.035948124,0.49968338
-0.09354145,-0.0083746435,0.48918405
-0.086574376,-0.008671309,0.50390106
-0.08063864,-0.03845178,0.485041
-0.099436834,-0.04337778,0.47096443
-0.07849439,-0.028015919,0.4774573
-0.08723606,-0.029205296,0.47132835
-0.0976139,-0.014979137,0.47114414
-0.09078701,-0.015294695,0.46741185
-0.09006574,-0.05079089,0.47983402
-0.08390767,-0.062260754,0.49095124
-0.081074394,-0.034327272,0.50359166
-0.09626817,-0.009364686,0.49276286
-0.09604488,-0.01720183,0.4631173
-0.09048724,-0.020720735,0.46212456
-0.09573998,-0.018240614,0.46796766
-0.09027429,-0.02019089,0.46657702
-0.09579525,-0.018850038,0.46933225
-0.09014342,-0.02019693,0.4668646
-0.09578809,-0.018815035,0.46909508
-0.09014478,-0.02017781,0.46673608
-0.09578401,-0.018830989,0.468979
-0.09013365,-0.020157516,0.46664712
-0.095781505,-0.018844346,0.46883816
-0.09012222,-0.020135634,0.46653894
-0.09577836,-0.018858839,0.46868038
-0.090109706,-0.020111267,0.46641916
-0.09577495,-0.018875165,0.46850574
-0.09009587,-0.020084357,0.4662863
-0.09577124,-0.018893283,0.46831232
-0.090080656,-0.02005471,0.46613917
-0.09576711,-0.018913362,0.46809846
-0.090064004,-0.020022117,0.46597666
-0.095762625,-0.018935615,0.46786284
-0.09004588,-0.019986488,0.46579775
-0.09575775,-0.018960135,0.4676044
-0.09002623,-0.019947678,0.46560156
-0.095752515,-0.018987123,0.46732196
-0.090005,-0.01990563,0.4653873
-0.095746785,-0.01901649,0.46701416
-0.089982316,-0.019860314,0.46515444
-0.0957154,-0.019158449,0.46679133
-0.08992846,-0.01977752,0.46493816
-0.095644936,-0.01952351,0.46652034
-0.08980258,-0.01959524,0.4645762
-0.09498615,-0.020457206,0.46620062
-0.08964121,-0.018964877,0.46493724
-0.09372682,-0.02380281,0.46587855
-0.089440286,-0.017629119,0.4655639
-0.0855875,-0.012730802,0.4098493
-0.09949288,-0.025518518,0.41574472
-0.08334423,0.00798465,0.43730152
-0.09144976,0.002826313,0.45474306
-0.09015939,-0.020670736,0.4359959
-0.092902355,-0.014079285,0.43022844
-0.09635412,-0.0062062335,0.44028625
-0.09662796,-0.017613033,0.4525612
-0.08570446,0.00024135142,0.4530846
-0.063780524,0.0052373144,0.43642884
-0.062567174,-0.011893425,0.43840027
-0.046849743,-0.022759827,0.4583169
-0.0458851,-0.0151445735,0.4742925
-0.029914975,0.002594979,0.4923715
-0.008254891,0.008444735,0.49385637
0.0020034646,0.0021673206,0.5066842
0.01912292,0.005097326,0.5253646
0.03168437,0.00150227,0.5447644
0.03987912,0.0059412094,0.56559306
0.043054998,0.004769097,0.58492464
0.04443544,0.010771246,0.6055135
0.042977884,0.007138818,0.6236819
0.040849045,0.0167879,0.64249134
0.032225285,0.011706193,0.65709364
0.028702877,0.022252917,0.66551507
0.018556079,0.017300526,0.6739382
0.010105524,0.021449037,0.677216
-0.00032978246,0.013624673,0.6822656
-0.0003649489,0.022338571,0.66248834
-0.0033562398,0.010074376,0.624376
0.0036659865,0.019251034,0.61573625
-0.0027148286,0.008407471,0.62439543
0.0044998904,0.01733258,0.61907357
0.00851455,0.019263128,0.60730153
0.008167662,0.007007299,0.6071321
0.016727485,0.020010836,0.61359733
0.010839455,0.0077521843,0.6234521
0.016771365,0.018525414,0.6257842
0.012632446,0.015305787,0.63044465
0.0049066893,0.013632587,0.6447615
0.0020417275,0.02093957,0.64256495
-0.0074319635,0.00825941,0.6482587
-0.0051117507,0.017701602,0.6340268
-0.00504077,0.019926853,0.61681247
-0.009046073,0.0059749824,0.61188954
0.005684665,0.022924807,0.5975118
0.0045432667,0.0133346915,0.58535737
0.0097997,0.007390918,0.5893614
0.018593011,0.015169861,0.60352093
0.01416744,0.007679672,0.6172987
0.018851236,0.02009913,0.6251376
0.012821297,0.01055317,0.6328758
0.014385523,0.019746866,0.63655
0.007749035,0.012947663,0.64481795
0.0056448183,0.019317353,0.6437807
-0.0010836545,0.012746645,0.6491881
-0.0018267737,0.019751282,0.63870764
-0.004953869,0.013754451,0.6297057
-0.0070416685,0.01492032,0.629488
-0.012575789,0.011718343,0.62990963
-0.00942672,0.019279957,0.6135044
-0.014861493,0.0064298934,0.60903186
0.000241936,0.02069037,0.5914912
0.0007621934,0.014989465,0.577732
0.0052556135,0.004945582,0.57765615
0.017510168,0.01437125,0.59155846
0.015300778,0.005930825,0.60590863
0.02112305,0.017621743,0.6171713
0.014778915,0.009849499,0.6277969
0.016920736,0.020244142,0.63382554
0.010045652,0.01175169,0.64262336
0.009752688,0.019598955,0.6417678
0.0042813965,0.014709172,0.64697826
-0.00035662798,0.017285855,0.6466053
-0.008184537,0.012670183,0.6501535
-0.0072893086,0.02131929,0.6303277
-0.014250441,0.0061909338,0.61053234
0.0027791772,0.016289573,0.58656144
0.007891799,0.025786817,0.57899064
-0.0121072475,-0.0073213563,0.528907
0.0007971724,-0.008748721,0.51198965
0.024763335,0.01497155,0.5239914
0.02346564,0.0008872002,0.5446182
0.03320818,-0.008029295,0.5649234
0.040141907,0.01875802,0.58311623
0.031416476,0.018267235,0.59783536
0.018781781,-0.0015094115,0.6208918
0.02497768,0.015925726,0.62439823
0.020177564,0.029810164,0.6311326
0.006282995,0.004191034,0.64638746
0.006346399,0.0049188207,0.64578426
0.018644182,0.032626204,0.61690295
0.0059994506,0.014334898,0.5582061
0.015671328,0.0023555008,0.53206927
0.038159806,0.008631645,0.5238066
0.04920134,-0.0028511249,0.5306798
0.05423112,0.00007710898,0.5517921
0.058107484,0.010049331,0.57112336
0.058390535,-0.00037757645,0.5912011
0.05762142,0.01018233,0.6111948
-0.026059762,0.008078934,0.4612431
-0.0014925795,0.018945126,0.48219213
0.00022632684,0.0056675235,0.49973592
0.022389637,0.009272782,0.5204458
0.04373645,0.016332613,0.5385343
0.06108827,0.003197562,0.557575
0.07746375,-0.0059692855,0.5741555
0.08706063,0.015086669,0.5901959
0.09176718,0.017008882,0.60535234
0.09085089,0.009582711,0.6227101
0.091142364,0.012514542,0.6377293
0.08858412,0.017151296,0.65263736
0.08480612,0.02280644,0.6688091
0.07871189,0.031016206,0.68601894
0.0684334,0.03359539,0.7058741
0.05535681,0.033732828,0.7296447
0.046003904,0.032810945,0.7470754
0.038840104,0.03218843,0.7607243
0.034835026,0.032003682,0.7689196
0.03256335,0.031653456,0.7739727
0.032064334,0.03195979,0.7759235
0.031486083,0.031555023,0.77783626
0.03199995,0.032180987,0.7778462
0.0313011,0.031419117,0.77970034
0.032339692,0.032544233,0.77864254
0.031068785,0.031119047,0.78122073
0.032868125,0.03310798,0.77874833
0.030804405,0.030606955,0.78245187
0.033615015,0.033898875,0.77816576
0.031117953,0.03003643,0.78250766
0.034543328,0.034736577,0.77703077
0.033775825,0.030066555,0.7787354
0.03532524,0.034958374,0.77609366
0.033178564,0.029785622,0.7798427
0.035231262,0.035236035,0.7762789
0.03514055,0.030146405,0.77681875
0.03586928,0.035152934,0.77531576
0.032712,0.029649284,0.78046334
0.03459179,0.035328154,0.77698296
0.036051475,0.030466052,0.77499986
0.035650227,0.03498567,0.7751699
0.031492107,0.029647041,0.7816855
0.033730824,0.035300195,0.7774888
0.03603102,0.030656707,0.7740737
0.034963988,0.03484128,0.77518845
0.030500153,0.029698394,0.782031
0.033090528,0.035297073,0.7771558
0.034720827,0.030514048,0.77465445
0.034134015,0.034963243,0.7748858
0.02979962,0.029612038,0.7814315
0.0319662,0.035271432,0.7770635
0.03438334,0.030692738,0.77324086
0.033098023,0.03478462,0.7745029
0.028481353,0.029655008,0.7813595
0.031021833,0.035241786,0.7762858
0.03262843,0.030515512,0.7736059
0.031931628,0.034898188,0.773824
0.027472883,0.029546272,0.7803569
0.029580107,0.035200085,0.77580637
0.03219111,0.030754548,0.7714755
0.030537793,0.03463507,0.7731685
0.025746122,0.029608551,0.7800952
0.028469978,0.035171226,0.77445513
0.030132163,0.030560108,0.7714842
0.029079305,0.034739222,0.77211976
0.024407467,0.029469771,0.7787907
0.02667307,0.035110123,0.77369785
0.029195962,0.030758461,0.7692989
0.027327806,0.034476478,0.7711955
0.022401132,0.029502649,0.7781444
0.025185369,0.03505681,0.7720793
0.026840191,0.030565983,0.76891494
0.025531173,0.034545626,0.7698059
0.020686759,0.029350428,0.77655005
0.023103973,0.034985352,0.7708566
0.025666732,0.030799363,0.7661707
0.023392208,0.0342114,0.7685779
0.018285261,0.02937895,0.77559024
0.021322602,0.034766376,0.7687026
0.0228319,0.030683953,0.7655118
0.020970052,0.034105115,0.7671071
0.015946425,0.02926285,0.7738497
0.018830692,0.034339536,0.76690435
0.020182887,0.030875081,0.76377934
0.017734818,0.033310886,0.7661404
0.013013943,0.02944451,0.77211046
0.01589187,0.033616558,0.76490694
0.013965328,0.029738454,0.7665225
0.014318469,0.033213045,0.7635334
0.010924467,0.029203512,0.76720995
0.012201368,0.033039853,0.76219374
0.011307884,0.029789563,0.7617977
0.010710729,0.032482725,0.760063
0.0063457233,0.028652247,0.76473445
0.009381127,0.03276452,0.7576896
0.0061798897,0.029007135,0.7593333
0.0075202337,0.03173019,0.7558226
0.0033285716,0.028837133,0.75878865
0.0052115205,0.031234348,0.75413364
0.0011935704,0.02846232,0.7568309
-0.051730964,0.0007712752,0.44321477
-0.08340072,0.0058159777,0.45161375
-0.11144599,-0.021647232,0.46643153
-0.08922862,-0.0009772464,0.47315243
-0.0875252,-0.006191537,0.4596864
-0.072580494,-0.029820884,0.4528469
-0.078044154,-0.025454635,0.4564076
-0.082143694,-0.028950589,0.45906502
-0.09519449,-0.017000226,0.46174213
-0.09139254,-0.016401008,0.46255925
-0.09506648,-0.021133902,0.46604195
-0.0890179,-0.01788498,0.46192065
-0.09098375,-0.02300807,0.46370816
-0.092780806,-0.016040437,0.46706265
-0.094246104,-0.02078191,0.47105223
-0.090684555,-0.01817268,0.46741244
-0.09531982,-0.018959263,0.47000852
-0.091090076,-0.019108715,0.4658459
-0.09469589,-0.018198505,0.4709586
-0.0915373,-0.019484412,0.46896967
-0.093754075,-0.018415201,0.4738465
-0.09214857,-0.01970776,0.4733484
-0.093075305,-0.018786684,0.47577113
-0.09275162,-0.019802466,0.47635934
-0.09261921,-0.019258512,0.4763139
-0.09296888,-0.019578408,0.47741288
-0.092641436,-0.019528076,0.4768352
-0.09286368,-0.019481104,0.47738034
-0.09279709,-0.019565415,0.47726804
-0.09278968,-0.019548869,0.4772552
-0.09278739,-0.019543184,0.47725654
-0.09278673,-0.019541038,0.47726107
-0.09278673,-0.019540042,0.47726625
-0.092787,-0.019539557,0.47727138
-0.092787355,-0.019539338,0.47727624
-0.09278771,-0.019539261,0.4772807
-0.09278804,-0.019539258,0.47728482
-0.09278833,-0.0195393,0.47728854
-0.09278858,-0.019539373,0.47729197
-0.092788786,-0.019539459,0.4772951
-0.09278896,-0.019539556,0.47729796
-0.0927891,-0.019539656,0.47730055
-0.09278922,-0.019539753,0.47730297
-0.092789315,-0.019539863,0.47730517
-0.0927894,-0.019539963,0.47730723
-0.092789456,-0.01954006,0.4773091
-0.092789516,-0.019540153,0.47731084
-0.09278956,-0.019540243,0.47731245
-0.0927896,-0.019540334,0.47731397
-0.092789635,-0.019540412,0.47731534
-0.09278966,-0.019540496,0.47731665
-0.09278968,-0.019540567,0.47731784
-0.0927897,-0.01954064,0.47731894
-0.09278972,-0.01954071,0.47732
-0.09278973,-0.01954077,0.47732097
-0.09278974,-0.01954083,0.47732186
-0.092789754,-0.019540887,0.4773227
-0.09278976,-0.019540934,0.4773235
-0.09278977,-0.01954098,0.47732422
-0.09278978,-0.01954103,0.4773249
-0.092789784,-0.019541077,0.47732556
-0.09278979,-0.019541116,0.47732615
-0.0927898,-0.019541156,0.47732672
-0.0927898,-0.019541191,0.47732723
-0.09278981,-0.019541223,0.4773277
-0.09278981,-0.019541256,0.47732818
-0.092789814,-0.019541284,0.4773286
-0.092789814,-0.019541312,0.477329
-0.092789814,-0.019541336,0.47732934
-0.09278982,-0.019541362,0.4773297
-0.09278982,-0.019541387,0.47733003
-0.09278983,-0.01954141,0.47733033
-0.09278983,-0.01954143,0.47733063
-0.09278983,-0.01954145,0.4773309
-0.09278983,-0.019541465,0.47733113
-0.092789836,-0.019541483,0.47733137
-0.092789836,-0.019541496,0.47733158
-0.092789836,-0.019541511,0.47733176
-0.092789836,-0.019541522,0.47733197
-0.092789836,-0.01954153,0.47733214
-0.092789836,-0.019541547,0.4773323
-0.092789836,-0.019541556,0.47733247
-0.092789836,-0.019541563,0.4773326
-0.09278984,-0.019541577,0.47733274
-0.09278984,-0.019541586,0.47733286
-0.09278984,-0.019541591,0.47733298
-0.09278984,-0.019541603,0.4773331
-0.09278984,-0.019541614,0.47733322
-0.09278984,-0.01954162,0.4773333
-0.09278984,-0.019541623,0.4773334
-0.09278984,-0.01954163,0.4773335
-0.09278984,-0.019541632,0.47733355
-0.09278984,-0.019541638,0.47733364
-0.09278984,-0.019541642,0.4773337
-0.09278984,-0.019541644,0.47733375
-0.09278984,-0.01954165,0.4773338
-0.09278984,-0.019541647,0.47733387
-0.09278984,-0.019541655,0.47733393
-0.09278985,-0.01954166,0.477334
-0.09278985,-0.01954167,0.47733402
-0.09266111,-0.011395034,0.42852527
-0.10339801,-0.0061478075,0.44804665
-0.09752271,0.024301331,0.47224632
-0.08839114,0.020383034,0.4339005
-0.09579231,0.010163696,0.42147553
-0.09092464,0.0063647367,0.4232904
-0.08685455,-0.0020539768,0.44214085
-0.10083311,-0.02093748,0.45741618
-0.08404231,0.0032296379,0.46231815
-0.074349694,0.019479346,0.44311652
-0.08059981,0.021410212,0.45562157
-0.0952247,0.012442127,0.47820276
-0.09322735,0.0037389186,0.44423106
-0.084486924,-0.007892294,0.43600568
-0.09901865,-0.0034836824,0.44052494
-0.10726898,0.024741674,0.46479663
-0.085272126,0.03912092,0.48680267
-0.0871138,0.013858036,0.50595397
-0.0936166,0.01957671,0.46810412
-0.09210497,0.014814969,0.4028136
-0.09408595,0.011619873,0.3869053
-0.09211621,0.008374771,0.38432127
-0.08885759,0.0077033937,0.390285
-0.0887791,0.0047434666,0.40346295
-0.08020984,-0.0009138476,0.3931591
-0.10170932,-0.03271342,0.40122485
-0.083013065,-0.017761888,0.42223603
-0.10451067,0.016115151,0.43836057
-0.08834096,0.052266575,0.46059355
-0.07769277,0.037170283,0.48397505
-0.09521564,0.009598349,0.50551933
-0.09640868,-0.00014346739,0.47186244
-0.09521685,-0.0138710085,0.41199693
-0.09445647,-0.0074196574,0.4036045
-0.10423753,0.03155169,0.408181
-0.10016814,0.049324863,0.43044975
-0.08936631,0.026059117,0.45494017
-0.09518221,0.008858121,0.47746572
-0.09518555,-0.00006970627,0.4379318
-0.09415344,-0.013063992,0.41677016
-0.099546604,-0.0010693999,0.4219739
-0.1097308,0.03403692,0.44433412
-0.1014161,0.0388144,0.46868753
-0.087735265,0.014689027,0.4922189
-0.09480437,0.011964591,0.44957066
-0.09348661,0.008453741,0.3872961
-0.09519135,0.0023920715,0.3677791
-0.082497165,-0.002990394,0.36737418
-0.103421785,-0.021071022,0.38454196
-0.0843214,0.0009784132,0.4067169
-0.09213862,0.007408577,0.42232522
-0.089935936,0.0058378386,0.40967476
-0.08493012,-0.0015769387,0.40371016
-0.102275506,-0.02411037,0.41740754
-0.08390329,-0.0046780203,0.43933588
-0.09798033,-0.0015580975,0.45289502
-0.10534016,0.0053588767,0.4778077
-0.072544955,0.026633896,0.4990484
-0.082640864,0.015073036,0.45582795
-0.08773412,0.028020382,0.4433165
-0.090771966,0.021056892,0.44603387
-0.09757905,0.00904991,0.4652748
-0.09357322,-0.0043449597,0.43634102
-0.099755205,0.003754041,0.4365994
-0.09175667,0.02091585,0.45159447
-0.097194225,0.00891615,0.46635267
-0.091053374,-0.0025657641,0.4237223
-0.09654405,-0.010461542,0.40450677
-0.09624961,0.010327325,0.4040162
-0.092872284,0.03590594,0.41992044
-0.08456066,0.027444575,0.44477934
-0.09808487,0.007900602,0.46574855
-0.09502165,-0.003831867,0.43533295
-0.100124806,0.011342134,0.43201852
-0.09246727,0.029636296,0.44259885
-0.08716965,0.019024381,0.46554008
-0.10313,0.0012401779,0.48277783
-0.07312941,0.009951507,0.502576
-0.063441806,0.020778652,0.4660326
-0.06494255,0.034812614,0.44836402
-0.0757909,0.028420826,0.4387727
-0.09149906,0.015714755,0.44586918
-0.10030215,0.0046235514,0.4535725
-0.099259675,0.003757138,0.4755076
-0.09159729,-0.008118999,0.44187474
-0.10081147,0.0037093747,0.43024567
-0.10274838,0.020638736,0.4322298
-0.09393111,0.0123163555,0.4493961
-0.097286224,0.0029487417,0.4259386
-0.086260356,-0.0046985494,0.3918286
-0.102899,-0.0071790805,0.39046842
-0.09022149,0.018750269,0.40840703
-0.09821873,0.014458047,0.43128645
-0.09479648,0.010520993,0.4541162
-0.095280826,0.0018645349,0.41796488
-0.083227366,-0.008552861,0.3832216
-0.1040247,-0.009278494,0.38345158
-0.086416006,0.020479374,0.4021889
-0.098190784,0.010824394,0.4265966
-0.095094375,0.0039520767,0.44954988
-0.08665018,-0.012580687,0.40754992
-0.10095572,-0.020594243,0.41260964
-0.0835783,0.0066785677,0.43567583
-0.09185553,0.0113468,0.45512345
-0.10243919,-0.006268429,0.4793075
-0.09772209,0.01139128,0.5030859
-0.06501309,0.039081097,0.52422947
-0.08228715,0.009749805,0.48437598
-0.093849555,-0.026321534,0.45257968
-0.084978774,-0.024555651,0.44251156
-0.09602898,-0.0014056771,0.44981024
-0.08001498,0.000784512,0.43520477
-0.058340795,-0.010348558,0.43462896
-0.040039476,-0.018093595,0.4504374
-0.031645395,-0.009399694,0.47209552
-0.010593909,0.002599811,0.49158916
0.0105091175,0.012046748,0.50998795
0.01892065,0.0022593937,0.52716434
0.034006964,-0.0028754591,0.5479404
0.04487639,0.01337309,0.5663462
0.047559347,0.004374706,0.5854147
0.052175637,0.0025852723,0.6049632
0.056131687,0.01799884,0.6219966
0.050906744,0.0068121427,0.64019203
0.05223144,0.016694034,0.6577989
0.04936437,0.016023178,0.67104536
0.043790527,0.018690512,0.6882543
0.038949486,0.021088935,0.7008016
0.03401434,0.020224877,0.71250564
0.032593068,0.021574251,0.7176546
0.03084019,0.020299055,0.72251844
0.031733427,0.022067312,0.72235817
0.030184826,0.020168155,0.72608113
0.031858962,0.022658838,0.7239233
0.029800525,0.019897873,0.72802985
0.032007217,0.023324529,0.7245039
0.029452194,0.019573206,0.72908366
0.031958617,0.023932226,0.7246756
0.029520564,0.019616242,0.72880155
0.031249981,0.023878744,0.7254235
0.029311264,0.019913575,0.7284005
0.030514922,0.023681456,0.7256397
0.028037053,0.019853514,0.72925633
0.029738031,0.023981206,0.725307
0.027245626,0.019811777,0.72868687
0.028660027,0.024067925,0.7249466
0.026517002,0.019989144,0.7274653
0.027567869,0.023995306,0.7240722
0.024807632,0.019926831,0.727409
0.02613525,0.024179129,0.7231303
0.024235185,0.020294927,0.7246922
0.02465566,0.023859428,0.7218027
0.021023497,0.019869765,0.7260849
0.022895206,0.024222663,0.7199014
0.020872189,0.020508848,0.7210406
0.02047593,0.023346,0.71877825
0.016358351,0.01977187,0.7231321
0.018500872,0.02421476,0.71502817
0.015776664,0.019914664,0.7163364
0.015959982,0.024333691,0.7106552
0.011014046,0.017977528,0.7127053
0.013568142,0.025615055,0.70139295
0.015227839,0.019530775,0.6831408
0.011332104,0.025071925,0.68131375
-0.002395429,0.013091376,0.6947992
-0.0020204154,0.022030188,0.6804052
-0.0070741717,0.01786889,0.65175015
-0.013823696,0.0150892455,0.6431891
-0.01726997,0.018149469,0.62462646
-0.025187228,0.007350676,0.61647487
-0.01132298,0.023228679,0.5971462
-0.026087878,0.0052742204,0.53672254
-0.0126796365,0.0021041245,0.51156515
0.012085623,0.016897572,0.5225054
0.01294465,0.000063056425,0.5404534
0.028790928,-0.004575039,0.5597722
0.04022626,0.018192472,0.57851404
0.036465693,0.0066386433,0.5930551
0.040998604,0.0023416937,0.612719
0.04535459,0.021430224,0.63003564
0.037558258,0.009620435,0.6442362
0.037595104,0.018458957,0.6600001
0.031103464,0.018567441,0.67284864
0.02110793,0.02263585,0.688797
0.010620825,0.02071546,0.70036584
0.00784451,0.022798602,0.69757086
0.001506511,0.015534619,0.6968264
0.0068749157,0.027313355,0.6730243
0.006149686,0.017938942,0.6440411
0.0088909175,0.020729251,0.6352724
0.0034697067,0.0125335865,0.64341116
0.0062290304,0.023525443,0.64181834
0.0012760959,0.014953779,0.6397368
0.00008449215,0.01897601,0.64355606
-0.008518234,0.013000278,0.6510631
-0.006273021,0.0234443,0.6362021
-0.0103473235,0.012614843,0.61705315
-0.006138559,0.017289143,0.6146348
-0.0133081,0.008195098,0.6250832
-0.0031066146,0.02287572,0.61484367
-0.10203485,-0.02978119,0.44844452
-0.08245312,-0.03656644,0.45308647
-0.09719101,-0.019811954,0.45769504
-0.08758687,-0.0029761142,0.45865268
-0.08552149,-0.021199558,0.4528128
-0.0869795,-0.050142173,0.4621737
-0.09204559,-0.07337981,0.47413474
-0.07903474,-0.05218116,0.49284938
-0.094884895,-0.013311328,0.4851944
-0.096049674,0.001250949,0.46983165
-0.10356348,-0.007537031,0.48550862
-0.090964645,0.007748024,0.49533084
-0.1230611,0.010239001,0.5099895
-0.09339569,0.015568366,0.5297179
-0.05648347,-0.0016052951,0.55116165
-0.08649833,-0.054966368,0.51109713
-0.09995234,-0.053853862,0.49857658
-0.07668774,-0.033251204,0.5036915
-0.08944038,-0.03042026,0.4879675
-0.09683223,-0.017154623,0.48282617
-0.09046011,-0.021158,0.4791226
-0.09640286,-0.025502544,0.47708035
-0.085382335,-0.022306101,0.47344366
-0.091592215,-0.038801562,0.46795115
-0.08574034,-0.027427413,0.47193092
-0.094634645,-0.019589646,0.47318286
-0.091817304,-0.02302815,0.4765832
-0.09521533,-0.019596871,0.47895572
-0.09081389,-0.02266753,0.47911873
-0.097452566,-0.020393783,0.47810724
-0.0876236,-0.022873899,0.47223428
-0.094775744,-0.030003734,0.47015566
-0.085419595,-0.020291885,0.47019863
-0.08737179,-0.03717959,0.4801219
-0.09913879,-0.057410553,0.47644594
-0.080875374,-0.03142373,0.48965243
-0.091470584,-0.022726707,0.4831626
-0.096267216,-0.02075572,0.4825235
-0.08959972,-0.022999955,0.47759125
-0.09633404,-0.023099083,0.47685415
-0.08707954,-0.022178188,0.47322717
-0.093590476,-0.034292087,0.46915504
-0.08472517,-0.021554323,0.47193277
-0.08816451,-0.034322124,0.47811657
-0.09896574,-0.049816053,0.4748523
-0.07897628,-0.034632493,0.4860175
-0.091584854,-0.021550639,0.4825691
-0.09712981,-0.021259088,0.48061645
-0.08742258,-0.02335247,0.4746734
-0.09481489,-0.029407492,0.4720401
-0.08578846,-0.020384805,0.47146285
-0.088004135,-0.037732266,0.48063913
-0.09767208,-0.05757809,0.47718096
-0.08024449,-0.031822994,0.49073815
-0.091192946,-0.023237968,0.48350495
-0.09633538,-0.020362908,0.48271167
-0.08976091,-0.023096077,0.4777701
